word;F
был;88
быть;73
было;57
есть;50
знаю;49
может;44
будет;41
люблю;39
была;33
Есть;30
хочу;29
были;27
вижу;26
буду;25
стал;24
Был;23
Будет;21
могу;21
поет;21
слышу;20
мог;18
видел;17
стало;17
Быть;16
жить;16
слез;16
бьется;15
говорит;15
горит;15
Дай;15
Люблю;15
стоит;15
Знаю;14
любить;14
поют;14
станет;14
умер;14
умереть;14
бросил;13
горят;13
петь;13
плачет;13
пришел;13
сказать;13
стали;13
шел;13
говорю;12
дали;12
помните;12
сказал;12
видит;11
говорят;11
знает;11
знал;11
иду;11
мечтаю;11
помню;11
светит;11
смотрит;11
Было;10
Вижу;10
живет;10
жил;10
Может;10
Смотри;10
стих;10
хотел;10
хочется;10
бейся;9
будем;9
Была;9
верю;9
говорил;9
дам;9
дрожит;9
думал;9
ждет;9
кажется;9
кричат;9
лежит;9
пели;9
Прости;9
смотреть;9
стану;9
уходит;9
хочет;9
чувствую;9
боюсь;8
Буду;8
Будут;8
вернешься;8
Видел;8
Возьми;8
глядит;8
живу;8
идем;8
идет;8
Иди;8
казалось;8
любил;8
можешь;8
плывут;8
прости;8
прядет;8
струится;8
уйти;8
умирают;8
ходит;8
хотела;8
цветет;8
блестят;7
будут;7
взял;7
дай;7
дрожа;7
думать;7
дышит;7
ждал;7
ждали;7
жду;7
живут;7
звал;7
знаешь;7
Идем;7
идешь;7
Иду;7
идут;7
летит;7
летят;7
любишь;7
любя;7
найти;7
Оставь;7
пою;7
придут;7
расскажу;7
сказала;7
слышишь;7
смотрю;7
стоял;7
устал;7
ушел;7
ушла;7
хочешь;7
Хочу;7
целовать;7
шепчет;7
шумит;7
Бегут;6
бежал;6
Берегитесь;6
будешь;6
Будь;6
Были;6
веря;6
внемлет;6
возьми;6
волнуются;6
вошла;6
Вспомни;6
встанет;6
вышел;6
говорить;6
дрожали;6
дышат;6
Забыв;6
забыть;6
звенеть;6
знают;6
Идет;6
Идут;6
искал;6
клянусь;6
кричал;6
кричу;6
могли;6
назвал;6
отдам;6
пел;6
пишу;6
плещется;6
пляшет;6
погас;6
поёт;6
Помнишь;6
помочь;6
Приди;6
приду;6
просила;6
проходит;6
слыхал;6
слышал;6
слышит;6
Слышу;6
смотрел;6
Смотрите;6
снится;6
Стала;6
тая;6
тянет;6
увидел;6
цветут;6
шепчут;6
шла;6
бегут;5
биться;5
блуждая;5
бросает;5
Бросая;5
везут;5
вести;5
видим;5
видишь;5
Видишь;5
властвовать;5
возьму;5
встал;5
гляди;5
горели;5
горящие;5
грезит;5
дал;5
дано;5
даст;5
дышать;5
ждем;5
желать;5
забудь;5
заметил;5
здравствует;5
Здравствуй;5
знали;5
знать;5
зная;5
зову;5
изнемог;5
искать;5
лег;5
легла;5
лежат;5
лижет;5
льется;5
любим;5
любимая;5
Любимая;5
любит;5
мечтал;5
могла;5
мчатся;5
нашел;5
остался;5
ответит;5
пили;5
плакала;5
плакать;5
Плачет;5
Поет;5
пойдем;5
пойду;5
помнить;5
понял;5
превозмочь;5
придет;5
Приду;5
прими;5
пришла;5
проходят;5
прошу;5
прощай;5
родимый;5
рос;5
сидела;5
скажет;5
Смотрел;5
сошла;5
Спят;5
стала;5
Стали;5
Станет;5
Стоит;5
стонет;5
стучит;5
трепещет;5
увидать;5
Умереть;5
устали;5
уходящие;5
Хочешь;5
целовал;5
читать;5
бежала;4
Бежали;4
блещет;4
боится;4
бойся;4
боролся;4
бродит;4
Бросил;4
будь;4
верить;4
вернусь;4
Верю;4
взглянуть;4
взять;4
видал;4
видела;4
видят;4
визжа;4
Висит;4
воспрянет;4
вспоминать;4
вспыхнет;4
встает;4
выйду;4
Выйду;4
Вылез;4
выпил;4
вырастут;4
Выскочу;4
вышли;4
глядя;4
глядят;4
Глядят;4
Говорю;4
дремлет;4
Дремлют;4
Дрожит;4
думаешь;4
дыша;4
ели;4
жалею;4
ждать;4
ждешь;4
ждут;4
забыл;4
забыла;4
закрыв;4
замрет;4
заплачу;4
звали;4
знаете;4
знала;4
зови;4
идти;4
ищет;4
качаются;4
кипит;4
кричит;4
лежу;4
Летит;4
Летят;4
ломает;4
льет;4
люби;4
Люби;4
Любит;4
мелькает;4
мечтать;4
Могу;4
молиться;4
молчал;4
молчит;4
молюсь;4
надеяться;4
найду;4
накрыт;4
напрягшейся;4
несется;4
нести;4
несут;4
обращу;4
одета;4
окровавленный;4
паникадило;4
парить;4
пасть;4
пахнет;4
перекликается;4
перецеловываются;4
печалиться;4
плакал;4
плачь;4
Плещет;4
плюну;4
поверь;4
пойте;4
покинув;4
ползет;4
ползут;4
полюбил;4
Помните;4
помнишь;4
Понять;4
посмотреть;4
пошла;4
Пою;4
Поют;4
привык;4
приносит;4
пришли;4
просит;4
проснется;4
проснулся;4
Прощай;4
раскаялся;4
растут;4
рвет;4
рвется;4
режет;4
сверкали;4
светят;4
сделал;4
сделала;4
сидел;4
сидит;4
скажу;4
Сказал;4
сквозят;4
склонясь;4
Слетают;4
сложит;4
слышится;4
смеясь;4
Смотрит;4
спит;4
спросил;4
Стал;4
стать;4
стоишь;4
стою;4
страшен;4
тают;4
текла;4
томится;4
убить;4
увидеть;4
ударил;4
Узнать;4
узнаю;4
улыбнулся;4
умирать;4
умирая;4
умру;4
унес;4
Уносит;4
Устало;4
хватит;4
ходи;4
хранит;4
Чернеет;4
чудится;4
чует;4
шелестят;4
беги;3
бежать;3
бежит;3
Бежит;3
беспокоить;3
Блещет;3
бормочет;3
бояться;3
бредят;3
брезжит;3
бродили;3
бросились;3
брошенный;3
брошу;3
бубенчите;3
будете;3
бывает;3
бывало;3
бьет;3
бьются;3
ведаю;3
ведут;3
веет;3
велит;3
вернулся;3
взвились;3
вздохнув;3
вздохнула;3
взошло;3
видали;3
видели;3
Видите;3
вилась;3
владею;3
Влюбится;3
внимаю;3
воет;3
восходит;3
Вспоминая;3
вспомнить;3
вспомню;3
вспыхнул;3
Встанет;3
встанут;3
встретив;3
встретил;3
встретимся;3
встретит;3
встретить;3
вторит;3
входит;3
выгоняли;3
вытяну;3
вяжет;3
гаснут;3
гложет;3
глядеть;3
говорила;3
Говорить;3
говоришь;3
годится;3
гонит;3
гори;3
Горят;3
грезится;3
грущу;3
гудел;3
Дал;3
Дала;3
Дали;3
дарит;3
движется;3
длится;3
догорающий;3
дремлют;3
дрожат;3
думала;3
дышу;3
Едет;3
жал;3
ждала;3
Ждала;3
желаю;3
живём;3
живи;3
жили;3
забуду;3
забыв;3
Забыл;3
забыли;3
забыто;3
забыться;3
запахнувшись;3
запела;3
запер;3
заплутал;3
запрещаешь;3
заснул;3
заснуть;3
застыл;3
застыло;3
затерянные;3
Затопим;3
звенели;3
звенит;3
звеня;3
Звучит;3
играют;3
Идите;3
имею;3
исчез;3
Ищу;3
Казалось;3
казнить;3
качается;3
кивая;3
клубясь;3
колыхается;3
комкай;3
кружится;3
купить;3
ласкает;3
ласкали;3
Лег;3
лежал;3
Лежит;3
летел;3
Летел;3
Лети;3
Льют;3
Любя;3
любят;3
лягу;3
манит;3
мелькают;3
Мелькают;3
миловать;3
могло;3
могут;3
молвил;3
молился;3
молчала;3
Молчит;3
молчу;3
мчится;3
навьючила;3
надел;3
назвать;3
Назови;3
нарушить;3
настанет;3
начал;3
Несется;3
Неси;3
Несутся;3
нравится;3
обрывает;3
объят;3
орала;3
оставил;3
ответил;3
ответишь;3
отвечу;3
Открой;3
Открою;3
открыл;3
открыла;3
отцветают;3
охвачен;3
падал;3
пал;3
Пахнет;3
пахнут;3
пела;3
Пели;3
Печь;3
пил;3
пить;3
плачу;3
плачут;3
плывет;3
плыла;3
победил;3
побежден;3
поверить;3
повторять;3
подняв;3
поднял;3
подошел;3
подслушал;3
Позволь;3
пой;3
Пой;3
поймать;3
Поймите;3
Пойте;3
покинул;3
помнит;3
Помоги;3
помчались;3
поплывем;3
Поцелуем;3
предстал;3
презирать;3
презираю;3
презрев;3
принес;3
принесли;3
приник;3
Припоминается;3
присужден;3
Приходи;3
приходил;3
Приходил;3
Пришла;3
прожитой;3
прожить;3
пройдет;3
пройдут;3
Проклятая;3
пролетит;3
пролилась;3
пронзил;3
проносились;3
просить;3
просят;3
Проходит;3
прошла;3
прошли;3
прощались;3
Пусти;3
работать;3
радуемся;3
разбудил;3
раздавались;3
раздавленной;3
ранен;3
растет;3
реветь;3
режут;3
резвясь;3
рожденный;3
росла;3
роют;3
рыдает;3
сижу;3
сияет;3
Сияет;3
сияют;3
сияющий;3
Скажите;3
Скажу;3
сказали;3
Сказать;3
склонился;3
склоняются;3
скользят;3
слагаются;3
сложил;3
сломанной;3
служить;3
слушай;3
слушал;3
слушаю;3
слушая;3
слышите;3
смеет;3
Смирись;3
смиряя;3
смог;3
снилась;3
сожалеть;3
соколиная;3
Сорвать;3
Спит;3
спишь;3
сплю;3
станут;3
Стоят;3
стремится;3
счесть;3
твердит;3
текут;3
теплятся;3
течет;3
томился;3
томясь;3
Тонет;3
тоскует;3
тоскую;3
тоскуя;3
трепещут;3
трубит;3
Тянет;3
увидал;3
увижу;3
узнаешь;3
Уйду;3
умерший;3
умею;3
умрем;3
умрет;3
унять;3
упал;3
Упали;3
услышав;3
учит;3
Ушедших;3
Ушкуйничать;3
ходил;3
Ходит;3
ходить;3
Ходят;3
Хотел;3
Хотелось;3
хохочет;3
хохочут;3
хранить;3
храня;3
Цветет;3
Цветут;3
цветущих;3
целует;3
чернела;3
чую;3
чуя;3
шатаясь;3
шепнул;3
Шла;3
шли;3
Шли;3
шумят;3
явит;3
алчущих;2
аукать;2
Беги;2
бегите;2
белила;2
Белила;2
берёт;2
берите;2
бил;2
били;2
билось;2
бледнея;2
блеснула;2
Блеснуло;2
блестит;2
блестящие;2
блещут;2
Блещут;2
близятся;2
блуждаю;2
блуждают;2
болей;2
боролись;2
бороться;2
Боюсь;2
Брать;2
бредет;2
бредит;2
бредут;2
Брезжат;2
Бродит;2
бродят;2
брожу;2
Бросает;2
бросали;2
Бросают;2
бросив;2
бросила;2
бросился;2
бросим;2
бросит;2
Бросит;2
броситься;2
Брось;2
бросятся;2
брошена;2
брошенной;2
брошено;2
Брошу;2
буди;2
будить;2
бушует;2
Бывает;2
бывать;2
бывают;2
Бывают;2
Бью;2
бьющий;2
введи;2
Ввериться;2
ввечеру;2
вгрызаться;2
Веет;2
вела;2
Верезжит;2
верил;2
верит;2
Вернулись;2
вернуть;2
Вернуть;2
Верь;2
Веря;2
верящий;2
Весть;2
взвили;2
взглянув;2
взглянули;2
взгромоздясь;2
вздохнули;2
вздрогнула;2
вздыхаю;2
Взирает;2
взлазил;2
Взметаю;2
взмолится;2
взойдет;2
взрастила;2
взрываю;2
виделось;2
видеть;2
Видит;2
видите;2
видя;2
Вились;2
висят;2
вложила;2
влюблен;2
влюбленных;2
вместят;2
внемлю;2
внемлют;2
внимать;2
внимая;2
Водят;2
воевать;2
воздвигли;2
Вознес;2
возрос;2
возьмет;2
возьмут;2
войдет;2
Войди;2
волнуем;2
волхвующий;2
воспели;2
воспеть;2
восстал;2
восстанет;2
воткнет;2
вошел;2
вошли;2
Воют;2
врывается;2
вскинув;2
всплывала;2
Вспоминали;2
вспоминая;2
вспомнив;2
вспомнил;2
вспомнилась;2
Вспомнить;2
вспыхнули;2
Вставал;2
вставали;2
вставшие;2
встали;2
встанем;2
Встану;2
Встают;2
встающая;2
встретились;2
встретился;2
встретиться;2
встретишь;2
встречать;2
встречаю;2
Встречая;2
встряхну;2
вступает;2
всходил;2
Всходит;2
Входите;2
выбежав;2
Выбью;2
вывел;2
Вывело;2
выдал;2
выдумал;2
Выживший;2
выйдет;2
выкрал;2
вылез;2
вылезая;2
вылетит;2
выменял;2
вымер;2
вымолить;2
вынул;2
вынули;2
выпит;2
Выплывает;2
выплыла;2
Вырастают;2
вырвал;2
вырвать;2
выросший;2
высечь;2
выспрашивать;2
вытаскивал;2
вытекла;2
Вышла;2
гадать;2
гасли;2
Гаснет;2
гибну;2
гладит;2
Глушь;2
глядел;2
Гляди;2
Глядит;2
глядится;2
глядишь;2
Глядя;2
гнездится;2
гнойная;2
Гнутся;2
Говорила;2
говорили;2
говоря;2
говорящую;2
Гони;2
гонится;2
Горбясь;2
Горю;2
горящего;2
горящее;2
горящую;2
гостила;2
готовил;2
грезили;2
грезилось;2
Гремит;2
гремящий;2
Грозит;2
грусти;2
грустили;2
грустит;2
грустить;2
грядет;2
грянет;2
губить;2
губя;2
гудит;2
дав;2
дайте;2
дала;2
далося;2
Дам;2
дан;2
дана;2
Дано;2
дарил;2
дарите;2
двигайте;2
Двинемся;2
двинулся;2
делает;2
делай;2
делать;2
держал;2
держался;2
Детуся;2
Догнать;2
догорал;2
догорают;2
доносятся;2
Доплетает;2
Дотронься;2
дремал;2
дремлющих;2
Дробя;2
дрогнет;2
Дрожа;2
дрожал;2
дрожала;2
Дрожала;2
дрожащей;2
дрожащий;2
дрожу;2
думаете;2
дымились;2
дымится;2
Дымится;2
дымящееся;2
едет;2
Жаждет;2
жаждущих;2
жалей;2
жалеть;2
жаловаться;2
жгут;2
жди;2
жевать;2
живем;2
Живет;2
Живи;2
живущих;2
Жил;2
жила;2
Жили-были;2
Жить;2
жнущих;2
Забежало;2
забила;2
забрезжит;2
забубенная;2
забудем;2
Забудь;2
забывать;2
забытое;2
завесила;2
заводит;2
завопить;2
завыл;2
загуляла;2
задремавшего;2
задыхаясь;2
зажглись;2
зажегся;2
заживёт;2
Зазывая;2
Закружилась;2
Закрыв;2
закрывает;2
Заложить;2
замерла;2
замирая;2
замкнула;2
замышляет;2
Занемогла;2
заниматься;2
заноет;2
запахло;2
запело;2
заперта;2
запирует;2
запоздала;2
Заполовели;2
запомнилось;2
запряталась;2
заросшим;2
зарыдают;2
заслужил;2
заслышим;2
застит;2
застонал;2
застрелившийся;2
Затворяйте;2
затерянный;2
затих;2
затоплю;2
Затуманил;2
затянули;2
захлебнется;2
захолодает;2
захотела;2
захотелось;2
захочется;2
захудалая;2
Зацветают;2
зацелованные;2
Зашалила;2
Звездочет;2
Звенели;2
звенящих;2
звучал;2
Звучат;2
звучит;2
Звякнув;2
зеленеет;2
Знаете;2
знай;2
Зная;2
зовет;2
Зовет;2
зовется;2
зовут;2
зреет;2
играет;2
играл;2
играть;2
Играют;2
иди;2
идущих;2
избран;2
Избранный;2
изведал;2
изгнанных;2
издох;2
изменилось;2
изнасилую;2
изнемогший;2
изранит;2
имел;2
Искать;2
искрится;2
исперчен;2
испить;2
исполнен;2
исполнить;2
Испугает;2
истлели;2
исчезает;2
Исчезли;2
Исчисляли;2
ищем;2
ищу;2
кадишь;2
казалась;2
канет;2
Капает;2
катит;2
катится;2
Качает;2
качали;2
качался;2
Качают;2
качая;2
качаясь;2
качнулся;2
кинь;2
кладу;2
кличет;2
клонись;2
Клонись;2
клонится;2
клубилась;2
клянет;2
кляня;2
ковши;2
колокольные;2
кончено;2
Кончено;2
кончив;2
кончило;2
кормила;2
корчится;2
коси;2
Коси;2
коснется;2
косят;2
крестила;2
крикнуть;2
кричали;2
кричать;2
Кричу;2
Кружилась;2
Крутит;2
купались;2
ласкать;2
ласкаю;2
ластятся;2
лежала;2
Лежат;2
лез;2
летало;2
летают;2
летели;2
летящие;2
лечь;2
Лижущих;2
ликовать;2
ликуют;2
липнущей;2
ловил;2
ловить;2
ложились;2
ломаю;2
ломая;2
Льется;2
льну;2
любила;2
Любила;2
любимого;2
лягут;2
ляжем;2
ляжет;2
машется;2
мелькаем;2
мелькнет;2
Меняли;2
мерещится;2
мерить;2
Мерцают;2
мерцающий;2
Метнулся;2
мечась;2
Мечтают;2
Мечут;2
мешаете;2
минет;2
Минуя;2
мнит;2
мнится;2
можете;2
Молил;2
молчали;2
молчать;2
молчи;2
молчишь;2
мучают;2
мучь;2
Мчась;2
мчит;2
мыслить;2
навостряете;2
надев;2
надела;2
надеюсь;2
надземный;2
Надоело;2
надутый;2
нажил;2
назовут;2
Накинув;2
Наклонились;2
наливает;2
наметил;2
написавший;2
написать;2
напишет;2
наплевать;2
напоен;2
Напоминает;2
направил;2
нарядилась;2
Наскучили;2
насопил;2
настала;2
Настанет;2
наступила;2
насупилось;2
научился;2
нахохлив;2
начать;2
начертал;2
начинает;2
нежилась;2
нежит;2
нелюдим;2
немею;2
ненавидеть;2
Ненила;2
несем;2
неси;2
несли;2
несутся;2
несущих;2
неся;2
низринуть;2
носилась;2
носит;2
носить;2
обвяжите;2
обезумевший;2
обернувшись;2
обещанный;2
обжигая;2
обидел;2
обманет;2
обманула;2
обменяли;2
обновленная;2
обовью;2
обогнать;2
оборвётся;2
оборвышей;2
обошли;2
обратя;2
обретает;2
обрушь;2
обрывается;2
обступили;2
обугленный;2
оглянулся;2
одолели;2
ожег;2
озабочен;2
озарилась;2
означит;2
окрашу;2
окуталось;2
омрачается;2
омывая;2
оплачу;2
оплюй;2
опоясана;2
оправдают;2
Опустив;2
опустил;2
опьяневшая;2
опьянен;2
орбитой;2
орут;2
осела;2
Осени;2
осквернился;2
ослабит;2
Оссиана;2
оставили;2
оставить;2
остается;2
остались;2
останется;2
остановите;2
осудят;2
осуждены;2
Осыпалась;2
отвали;2
отвечает;2
Отдаваясь;2
отдал;2
Отдам;2
отдаться;2
отдохнуть;2
отдыхает;2
открыты;2
отлетал;2
отмечен;2
отнимают;2
отнято;2
отошедших;2
отошли;2
Отравил;2
Отражается;2
Отрезаны;2
отрываясь;2
отцветших;2
Отшатятся;2
отяжелела;2
очарованный;2
Очнулся;2
падает;2
падай;2
падали;2
Падают;2
Пал;2
Парят;2
пасутся;2
пахло;2
пахнущий;2
пачкала;2
певучая;2
Пел;2
переловленным;2
перепуталось;2
пернатым;2
Петь;2
пила;2
Пить;2
пишет;2
пиши;2
плавать;2
плакали;2
Плакать;2
пленил;2
плетете;2
плещет;2
Плывет;2
плыли;2
плыть;2
плясала;2
побаловать;2
побежала;2
побеждённых;2
побудь;2
поведаю;2
поведу;2
повеет;2
повелел;2
поверил;2
поверила;2
повисли;2
повторяя;2
повызябла;2
повытухла;2
погаснет;2
погиб;2
погибать;2
поглядела;2
погреться;2
подарен;2
поддонную;2
поднизи;2
поднявши;2
поднялся;2
Подожди;2
Подошла;2
пожаловать;2
пожимаю;2
пойдет;2
поймет;2
поймешь;2
Пойми;2
покажу;2
показалась;2
Покинув;2
поклялся;2
покорствуй;2
покорствуя;2
покоряемой;2
покрой;2
покрывала;2
покрыл;2
покрыла;2
покрытый;2
полночью;2
Положу;2
получаю;2
получил;2
полыхает;2
померкло;2
Помнит;2
Помнят;2
Помолись;2
понимаете;2
понимать;2
понимая;2
поняв;2
поняла;2
понять;2
поплакать;2
попроситься;2
поражен;2
поросли;2
поруганных;2
посвящаю;2
посвященный;2
посещать;2
послушать;2
посмеет;2
посмотрел;2
посмотри;2
Посмотришь;2
Посох;2
поставленных;2
постиг;2
потемневших;2
потерял;2
потеряла;2
потерять;2
потная;2
потрясен;2
Потускнел;2
Потянуло;2
Похожи;2
поцветет;2
поцелует;2
поцелую;2
почечуй;2
почуяли;2
пошел;2
поющих;2
правя;2
Превращается;2
предала;2
представить;2
Предстанут;2
пренебрегли;2
пресвятая;2
прибоем;2
приведенной;2
приведет;2
привелось;2
привыкшее;2
придется;2
прижала;2
приму;2
примчалась;2
принимая;2
припав;2
припадали;2
Припал;2
присела;2
прислонясь;2
притворяешься;2
Притулятся;2
приходит;2
Пришел;2
Пришли;2
Пробивалась;2
пробил;2
пробовал;2
прободают;2
Пробудитесь;2
провести;2
продавая;2
продрог;2
продумал;2
проживешь;2
произнесет;2
пройдешь;2
пройти;2
пройтись;2
прокапала;2
проклиная;2
проклятой;2
Прольется;2
Промежду;2
Промчусь;2
пронеслось;2
пронзай;2
Пронизана;2
проник;2
проникнуть;2
проносят;2
проплакала;2
пропущены;2
пророчит;2
Просит;2
Проскачет;2
Проснись;2
Проснулась;2
Проснулся;2
простило;2
Просыпаться;2
просятся;2
протянутых;2
проходили;2
Проходили;2
Проходя;2
Проходят;2
Прохожу;2
прочел;2
прочтет;2
прочти;2
Прошедшего;2
прошедших;2
прощаться;2
прощаю;2
прячется;2
пылает;2
пылали;2
пылают;2
пылающих;2
пьем;2
Пьет;2
пьешь;2
Радуйся;2
разбил;2
разбилась;2
Разбит;2
разбитый;2
разбудили;2
Разгадали;2
разлюбить;2
разну;2
разорвется;2
разрушенной;2
разрыдаться;2
ракит;2
Раскинет;2
раскинут;2
раскрывается;2
расплёскивай;2
распоясанные;2
рассветных;2
Расскажи;2
Расскажу;2
рассказал;2
рассказывать;2
Рассыпает;2
растает;2
растаяла;2
растекала;2
растопыренный;2
растрачу;2
расту;2
растягайный;2
расхохотаться;2
расчешу;2
рвать;2
рвешься;2
рдели;2
ревели;2
Редеют;2
Резвятся;2
решено;2
ржут;2
Ринулся;2
родился;2
рожден;2
рождена;2
Ронит;2
роняет;2
Роняя;2
ругайтесь;2
рушит;2
Рыдаешь;2
рыдающий;2
рыщет;2
рядиться;2
садится;2
сбросит;2
сбросить;2
сваливал;2
свергнут;2
Сверкает;2
сверкнули;2
свесили;2
Светит;2
свистят;2
свищет;2
Сгомонятся;2
сгорать;2
сгустились;2
сдал;2
сделав;2
сделали;2
сделанным;2
сделаю;2
сев;2
сеет;2
сел;2
сели;2
серебрилась;2
сжигают;2
сжимается;2
Сжимали;2
сжимают;2
сидели;2
Сидя;2
скажете;2
скажешь;2
скажи;2
Скажи;2
скакал;2
скатился;2
Сквозит;2
склонен;2
склонилась;2
Склонился;2
склонялся;2
Склонясь;2
Скользят;2
скользящего;2
скорбел;2
скорбя;2
Скрипит;2
скрывали;2
скрывать;2
скрывая;2
слабеет;2
слагали;2
следящие;2
слиты;2
служил;2
служим;2
слухайте;2
Случалось;2
слушать;2
Слушать;2
Слышишь;2
смеете;2
смеется;2
смей;2
смейтесь;2
смела;2
смели;2
сменит;2
смею;2
Смеются;2
смеялась;2
Смеялась;2
смеялся;2
Смеялся;2
смиряясь;2
смотрела;2
смотри;2
смотрите;2
Смотрю;2
смотрят;2
Смущается;2
смущенные;2
снеговая;2
Снесите;2
Снуют;2
снял;2
Собирались;2
собирать;2
соблазняет;2
согнувшись;2
создал;2
создам;2
созданных;2
сойдет;2
Сокрылся;2
солгали;2
солнце-орел;2
сомкнуты;2
сохнут;2
сошли;2
Спадает;2
спалось;2
спать;2
Спать;2
спешу;2
сплетены;2
споря;2
споткнулся;2
спросим;2
спросит;2
спустился;2
спутали;2
спят;2
срывать;2
срываю;2
ссутулится;2
Станут;2
Старается;2
старел;2
старея;2
Стекает;2
стекал;2
стелется;2
стерегут;2
стережет;2
Стих;2
стоим;2
стонут;2
Сторожит;2
стоя;2
Стоял;2
стояла;2
стояли;2
стоят;2
стоять;2
стреляют;2
струит;2
Струится;2
стряслась;2
стучат;2
стучатся;2
стынет;2
судил;2
существующего;2
существующих;2
схватил;2
сшатался;2
съедены;2
съест;2
сыплет;2
сыплются;2
Сядет;2
таится;2
таю;2
таят;2
Теплится;2
терзали;2
Течет;2
тинится;2
толкуючи;2
томит;2
томлюсь;2
Томятся;2
тонет;2
Топит;2
топнув;2
топясь;2
тоскующий;2
точит;2
тревожа;2
тревожен;2
Тревожить;2
тревожу;2
трепетал;2
Трепещут;2
треплет;2
тронь;2
трубить;2
Трясутся;2
трясущийся;2
туманится;2
убегает;2
убегают;2
убежал;2
увенчан;2
Увидел;2
увидим;2
Увижу;2
угадал;2
угадать;2
удастся;2
удержать;2
уехал;2
уживется;2
узнал;2
узнали;2
узнать;2
Уйдём;2
уйдет;2
уйдешь;2
уйду;2
Уйти;2
указывал;2
украли;2
украсть;2
улетай;2
уложенных;2
улыбался;2
улыбаясь;2
улыбнется;2
Улыбнись;2
умеем;2
умел;2
умерла;2
умерли;2
умеют;2
умри;2
Умри;2
унавожено;2
Уносил;2
унывай;2
Упал;2
упала;2
упали;2
упасть;2
Уплывем;2
уплыла;2
уронила;2
услышишь;2
Усмиряю;2
усни;2
уснул;2
утешаемся;2
Утолю;2
утомленной;2
утомленный;2
утопала;2
Уходи;2
уходим;2
Уходит;2
уходят;2
Уходящие;2
уходящих;2
учат;2
учил;2
хвастался;2
хватает;2
хлещем;2
хлынет;2
ходят;2
холить;2
Хочется;2
хранили;2
царапая;2
цедил;2
целовала;2
Целует;2
Целую;2
чает;2
чарует;2
чернеет;2
Чернеют;2
чешет;2
Числит;2
читал;2
чмокая;2
чтим;2
чувствовал;2
Чувствую;2
шевелит;2
шелестит;2
шептал;2
шепчешь;2
ширятся;2
ширяясь;2
шлет;2
шлешь;2
шумел;2
Шуми;2
шумит-поет;2
Шумят;2
шумящим;2
шуршат;2
шуршит;2
шьет;2
Шьет;2
Щеголять;2
алеет;1
арендовали;1
Аукается;1
Багровеет;1
барахтается;1
Барахтаясь;1
Баюкает;1
баюкала;1
баюкать;1
баюкают;1
Баюкают;1
бегу;1
Бегу;1
бегущего;1
бегущей;1
бегущим;1
Бегущих;1
бежавшего;1
Бежать;1
Бежим;1
Безжизненная;1
безжит;1
бей;1
Бей;1
белеет;1
Белела;1
белеют;1
белеющих;1
белея;1
Берегись;1
берегитесь;1
берегут;1
бередил;1
бережет;1
берем;1
беречь;1
берусь;1
Берут;1
Беседуем;1
беседует;1
беседуя;1
Бесконечных;1
Беснуется;1
бестепел;1
Бешено;1
била;1
Била;1
билась;1
Били;1
бились;1
Бились;1
било;1
бился;1
Бился;1
бинтуем;1
благодарил;1
благодарить;1
благодарю;1
Благодарю;1
благослови;1
Благослови;1
благословил;1
Благословить;1
благословляя;1
Благословляя;1
Благоухает;1
Благоуханный;1
Бледнеет;1
Бледнеют;1
Блеснет;1
блеснувши;1
блеснул;1
блеснули;1
блеснуло;1
блестели;1
Блестят;1
Блестящие;1
блестящий;1
блестящую;1
блещущий;1
близится;1
Близятся;1
Блистает;1
блистало;1
блистать;1
Блистая;1
блуждает;1
Блуждай;1
блуждал;1
блуждать;1
бобыли;1
Богомать;1
богохульствует;1
боен;1
боитесь;1
боишься;1
бойтесь;1
Болтают;1
болтающийся;1
Болтаясь;1
борется;1
Бормочет;1
боровшийся;1
Боялась;1
Боялись;1
боясь;1
Бояться;1
боящейся;1
брал;1
брала;1
брали;1
бранили;1
Бранили;1
бранят;1
брашен;1
Бредете;1
Бредя;1
брежжит;1
брежу;1
брел;1
брить;1
бродил;1
бродим;1
Бродить;1
бродишь;1
Бродят;1
бросал;1
Бросал;1
Бросаю;1
Бросаюсь;1
бросают;1
бросаются;1
Бросив;1
Бросить;1
брось;1
Бросьте;1
брошен;1
брошенное;1
брошенным;1
брошены;1
брошусь;1
брызжет;1
брызнет;1
брызнувши;1
брызнул;1
брякнись;1
брякнули;1
брякнут;1
будил;1
будило;1
Бужу;1
бурили;1
бурлит;1
Бурлит;1
Бушует;1
бушующая;1
бушуя;1
БЫЛО;1
бьем;1
Бьет;1
бьёт;1
Бьется;1
Бьётся;1
бьешься;1
Бьют;1
Бьются;1
бьющую;1
вали;1
Валился;1
валялись;1
валялся;1
валять;1
валяются;1
варят;1
вафлю;1
ваяете;1
Вбей;1
вбивай;1
введу;1
ввинтим;1
Вворачивал;1
вглядевшись;1
Вгоняли;1
вденется;1
Вдохновляюсь;1
вдохнуть;1
вдыхает;1
ведать;1
ведают;1
ведем;1
ведешь;1
Веди;1
ведомой;1
Веду;1
Ведут;1
Вездесущий;1
вези;1
Вези;1
вей;1
вейтесь;1
велел;1
велела;1
велели;1
величая;1
вело;1
венчал;1
венчала;1
Венчают;1
веривший;1
верим;1
веришь;1
Веришь;1
Верлен;1
вернет;1
вернется;1
Вернись;1
вернулись;1
вернулось;1
Вернусь;1
вернуться;1
Вернуться;1
Вертеть;1
вертеться;1
верует;1
верую;1
вершащих;1
верь;1
верьте;1
Верьте;1
верят;1
вёсел;1
весели;1
веселилась;1
весен;1
ветвистую;1
ветвистых;1
ветвятся;1
ветхогусли;1
Вечереет;1
вечереющих;1
вещее;1
вещих;1
Веют;1
Веял;1
взалкал;1
взбегает;1
взбеленились;1
взбил;1
взбороздив;1
взбороздились;1
взбрела;1
взвело;1
Взвивается;1
взвиваются;1
взвидя;1
взвиться;1
взволнованный;1
взвыть;1
взглянет;1
взглянешь;1
взгляни;1
Взгляни;1
взглянувши;1
взглянула;1
взгромоздитесь;1
взгрустнется;1
вздохнем;1
вздохнет;1
Вздохнет;1
вздохнул;1
Вздохнул;1
Вздохнули;1
вздохнуть;1
вздрагивал;1
вздрогнет;1
вздрогнешь;1
вздутые;1
вздыбились;1
вздыбилось;1
Вздыбливаем;1
Вздыбливаю;1
Вздымает;1
вздымайте;1
Вздымал;1
Вздымался;1
вздыматься;1
вздымая;1
вздыхает;1
вздыхаешь;1
Вздыхал;1
вздыхать;1
Вздыхаю;1
вздыхают;1
вздыхающий;1
взиравшего;1
взирает;1
Взирая;1
взлелеял;1
взлетают;1
Взлетающие;1
взлетающих;1
Взлетая;1
взлетевших;1
Взлетел;1
взлетела;1
взлететь;1
Взлететь;1
взлетит;1
Взломав;1
взлохматится;1
взманишь;1
взмахнув;1
взмахнул;1
Взмахнула;1
Взметает;1
взметнув;1
взметнулся;1
Взмывает;1
Взмывай;1
взмыло;1
взнесен;1
взнесены;1
взнеслися;1
взойдёт;1
взойдешь;1
Взойдя;1
Взорвавшись;1
взорвал;1
Взорвись;1
Взорлил;1
взошли;1
Взрастила;1
Взревет;1
взрежет;1
взро;1
взрывал;1
взрывают;1
взрывчатая;1
взрыдавший;1
взрытых;1
взрыхляет;1
взъярившийся;1
взывает;1
Взывает;1
взывало;1
взываю;1
взывают;1
взыграет;1
взыщи;1
взяв;1
взявши;1
Взял;1
взяли;1
взятой;1
Видали;1
видало;1
виданный;1
видано;1
Видели;1
видело;1
Виден;1
Видим;1
видится;1
виднелось;1
виднеются;1
Видятся;1
вились;1
вильнув;1
виниться;1
висели;1
висит;1
Висящей;1
вихрились;1
вклещившись;1
включенному;1
вкрапленный;1
вкусив;1
Вкушает;1
вкушать;1
вкушающим;1
влагаю;1
владеет;1
владея;1
власатых;1
властвует;1
влачат;1
влачится;1
Влачится;1
влачусь;1
влез;1
Влезаю;1
влейся;1
влекла;1
влекомых;1
влекущие;1
Влетают;1
влетело;1
влетит;1
влечем;1
влечет;1
влечёт;1
влечётся;1
Влечь;1
Влюбившись;1
влюбился;1
влюбленным;1
Влюбляйтесь;1
Влюбляются;1
Вмешалась;1
Внемлет;1
Внемлю;1
внесен;1
Внимает;1
Внимаешь;1
внимал;1
Внимать;1
вносим;1
внушает;1
водились;1
водимых;1
воете;1
возвела;1
возвратилась;1
возвратился;1
возвратится;1
возвратясь;1
Возвратясь;1
возвращается;1
возвращался;1
возвысил;1
возвышался;1
возгордясь;1
возгромоздился;1
возгрянет;1
Воздвигавшая;1
Воздвигнет;1
воздвигнется;1
Воздвигнуть;1
воздел;1
воздохнув;1
возжигаю;1
возит;1
возится;1
Возлагаю;1
возлагая;1
Возлетят;1
возлюбленной;1
возмечтав;1
возмутил;1
возмущает;1
Возмущают;1
вознес;1
вознесли;1
Вознесся;1
вознёсся;1
Возникает;1
возносил;1
возносим;1
возносит;1
Возносит;1
Возносится;1
возносятся;1
возношу;1
возношусь;1
возрастающий;1
возрастая;1
возратится;1
возьмешь;1
Возясь;1
войдем;1
войду;1
войдя;1
войти;1
волит;1
волновались;1
Волнует;1
волнуй;1
волнуя;1
волнуясь;1
волок;1
волочили;1
вольется;1
Вольется;1
Вольнолюбивая;1
Вонзает;1
Вонзайте;1
вонзались;1
вонзившись;1
вонзить;1
вопил;1
вопите;1
Вопьюся;1
воровал;1
Воротиться;1
ворочают;1
ворочая;1
ворча;1
Воскликнет;1
воскликну;1
воскликнул;1
воскликнули;1
Восклицаю;1
воскресить;1
воскресли;1
воскресшее;1
воскресший;1
Воскресший;1
воспаленном;1
воспалены;1
воспарит;1
воспевающий;1
Воспеть;1
Воспомнить;1
восприять;1
Восседают;1
воссиял;1
восстали;1
восхищен;1
Восходит;1
Восходят;1
Восхожу;1
Воткнул;1
вошедшим;1
Вошла;1
Вошли;1
воют;1
впадаем;1
впасть;1
впаяны;1
вперив;1
вперяются;1
Впиваются;1
впился;1
Впился;1
Вписать;1
впитали;1
Впитана;1
впитывай;1
впитывало;1
Вплывал;1
вползали;1
впрыскиваешь;1
впутаю;1
враны;1
врачевать;1
Вращают;1
вращающийся;1
врос;1
Вручает;1
вручал;1
Врученным;1
вручивший;1
врыв;1
врывался;1
всадил;1
всевидящий;1
Всемогущей;1
Вскинул;1
Вскипают;1
вскликнул;1
всколыхнут;1
всколышешь;1
вскорчевать;1
вскочив;1
вскочите;1
вскрикнувшие;1
Вскричал;1
вскроет;1
вскрытых;1
всосут;1
вспахавший;1
вспахать;1
вспашу;1
вспененную;1
вспененный;1
вспенившись;1
Вспенили;1
всплеснув;1
Всполошились;1
вспоминавшей;1
Вспоминаем;1
вспоминаю;1
вспомни;1
Вспомним;1
вспомните;1
Вспомните;1
вспомнишь;1
вспотевшим;1
вспотели;1
Вспугнув;1
вспугнули;1
вспыхнуть;1
Встав;1
вставай;1
Вставай;1
вставал;1
Вставали;1
вставил;1
Вставлен;1
вставлена;1
вставлю;1
вставши;1
вставший;1
встаешь;1
Встал;1
Встала;1
Встали;1
Встать;1
встающей;1
встающих;1
встревоженной;1
Встревожить;1
встрел;1
встретила;1
встреть;1
Встретясь;1
встретятся;1
встречаем;1
Встречает;1
встречались;1
Встречать;1
встречаться;1
Встречаю;1
встречают;1
Встречают;1
Встречаются;1
встречаясь;1
встряхнет;1
встряхнув;1
Встряхнула;1
вступали;1
Вступи;1
Вступившая;1
вступила;1
всунешь;1
всхлипнет;1
всхлипывая;1
всходит;1
всходить;1
всходят;1
всхожу;1
всхрапел;1
втиснуть;1
вторя;1
вхо-;1
входили;1
входило;1
Входить;1
въезжают;1
въелась;1
выбегли;1
Выбивают;1
выбилась;1
выбить;1
Выбрал;1
выбрали;1
выбранной;1
выбрасывается;1
выбрать;1
выбритой;1
Выбросил;1
выбросишь;1
выброшен;1
выбыли;1
вывалят;1
вывелся;1
вывернулся;1
вывернуть;1
вывесил;1
вывести;1
Выглядите;1
выглядывал;1
выгнала;1
выгноила;1
выгнувши;1
выгнулся;1
выгнутую;1
Выговорили;1
выгорев;1
выгорел;1
Выграню;1
выдавить;1
выдающейся;1
выдвинув;1
выдержав;1
выдернул;1
выдрав;1
выдыхает;1
выезжая;1
выжег;1
выженной;1
выжженный;1
Выжимает;1
выжимая;1
выжиревший;1
вызвал;1
вызванивает;1
Вызвать;1
вызвездит;1
Вызвоните;1
Вызрел;1
выигрываю;1
Выискивает;1
выискивали;1
выищешь;1
выйдем;1
выйдете;1
выкачу;1
выкипячивают;1
выколоть;1
выкормил;1
выкрасил;1
выкрасим;1
выкурил;1
выкурит;1
Выкусывая;1
выл;1
Вылезаю;1
Вылезу;1
вылезших;1
Вылетая;1
Вылетит;1
выли;1
вылижу;1
Вылизывая;1
Вылупляется;1
вылущенными;1
вылюбил;1
вымаливался;1
вымаливать;1
вымаливаю;1
вымиравшей;1
вымойте;1
вымощенный;1
вымпела;1
вымыв;1
вымыть;1
вымышлен;1
вынашивала;1
вынежим;1
вынести;1
вынет;1
Выносит;1
выношу;1
вынуть;1
Выньте;1
выпадут;1
Выпали;1
Выпекают;1
выпестрен;1
выпеть;1
Выпившим;1
выпила;1
выпили;1
выпирает;1
выписываю;1
выпитый;1
Выплевывали;1
Выплевываю;1
Выплескиваем;1
выплеснет;1
выплывала;1
Выплыл;1
выплыли;1
выпляшет;1
Выползает;1
выползал;1
выползая;1
выполнил;1
Выпростав;1
выпрыгнувшим;1
выпрямляется;1
выпускает;1
выпустить;1
Выпустить;1
выпью;1
выпьют;1
выразил;1
вырастающий;1
вырасти;1
Выращало;1
выращивать;1
Вырвались;1
вырваться;1
вырвется;1
вырвусь;1
Вырезается;1
вырезать;1
Выронить;1
вырос;1
выроюсь;1
выручить;1
вырывается;1
вырыл;1
вырыла;1
вырыт;1
высил;1
Высился;1
высится;1
высказал;1
выскользнешь;1
выскочит;1
выскочишь;1
выслать;1
высморкая;1
Высокою;1
Высосут;1
высох;1
высохшие;1
высохшим;1
высохших;1
выспрашивал;1
Выставили;1
выставь;1
выстегать;1
выстони;1
выстою;1
выстрелит;1
выстроить;1
выступали;1
высунут;1
Высчитывая;1
вытащат;1
вытащил;1
вытащу;1
вытекли;1
вытекут;1
вытечет;1
Вытечь;1
выткать;1
Вытравлять;1
вытрясти;1
Вытряхивает;1
вытягивалось;1
вытянет;1
вытянув;1
вытянувшись;1
вытянул;1
вытянутых;1
вытянуться;1
выхаркнула;1
выхлестнула;1
Выходили;1
Выходим;1
Выходит;1
выходите;1
выходишь;1
Выходят;1
выхожу;1
выцветших;1
Вычерчивает;1
вычерчивать;1
вычислял;1
вышей;1
вышибли;1
вышивала;1
вышивать;1
вышиты;1
вышла;1
Вышли;1
выщиплю;1
выявить;1
вьюжные;1
Вьют;1
вяз;1
вязала;1
Вязать;1
вязнет;1
вянут;1
Гадает;1
гаркнув;1
Гасит;1
гаснул;1
Гаснут;1
гать;1
гибли;1
гибнет;1
гибнут;1
гибнуть;1
гибнущих;1
гикал;1
Гикаю;1
гладить;1
глодать;1
глотает;1
глотают;1
Глотнул;1
глохли;1
глумись;1
глумится;1
глумясь;1
глушит;1
глядевшие;1
глядела;1
Глядели;1
глядим;1
Глядишь;1
Глядящую;1
Гляжу;1
глянет;1
Глянешь;1
глянувшей;1
гнал;1
гнали;1
гнездятся;1
гнется;1
Гнила;1
гну;1
Гнусавить;1
гнутся;1
гобелена;1
Говорили;1
Говорим;1
говорите;1
говорящих;1
гоже;1
голодая;1
голубел;1
Гомонит;1
Гонит;1
Гонится;1
гонишь;1
гоню;1
горбился;1
горблюсь;1
горбясь;1
Гордился;1
гордится;1
Горевал;1
горевать;1
Горел;1
горела;1
Горели;1
горестно-смеющийся;1
гореть;1
Гореть;1
горим;1
Горит;1
Горланят;1
горшей;1
горшим;1
горю;1
горячи;1
горящая;1
горящей;1
горящем;1
горящий;1
горящими;1
горящих;1
готовит;1
готовить;1
готовь;1
Готовьте;1
готовьтесь;1
готовясь;1
гощу;1
грассировать;1
графит;1
Греет;1
грезил;1
грезился;1
грезите;1
Грезится;1
грезятся;1
грел;1
Гремел;1
гремели;1
гремите;1
Гремят;1
греть;1
грешившей;1
греюсь;1
гривонос;1
Гримируют;1
Грозился;1
грозит;1
грозить;1
грознейших;1
Грозя;1
грозящих;1
громадили;1
Громополете;1
Грохотал;1
грохочет;1
грохочут;1
Грустил;1
Грустит;1
Грустящей;1
грустящий;1
Грущу;1
грызло;1
грызться;1
грызутся;1
Грядущей;1
Грядущих;1
губим;1
Гудит;1
Гудя;1
Гуляет;1
гуляла;1
гуляли;1
Гуляли;1
гулящие;1
густеет;1
густеют;1
гуторит;1
Давайте;1
давала;1
Давил;1
давит;1
дадим;1
Дает;1
даёт;1
Дайте;1
Далек;1
далёк;1
дарить;1
даришь;1
даровав;1
даровали;1
дарован;1
дарованная;1
даруй;1
дарю;1
даря;1
Даст;1
дать;1
дают;1
дающего;1
Дающий;1
двигаясь;1
Движеньем;1
двинул;1
двинуться;1
Дездемоной;1
делаем;1
Делает;1
делаются;1
делая;1
Делимое;1
Делите;1
Делюсь;1
держа;1
Державиным;1
держат;1
держать;1
держим;1
держишь;1
дерзающих;1
детородной;1
деться;1
Дивилось;1
дивится;1
дивишься;1
Дивлюся;1
дирижабли;1
Длились;1
длить;1
Днесь;1
добавим;1
добежать;1
добуду;1
добыты;1
добыть;1
доведет;1
довела;1
довелось;1
довелося;1
доверились;1
довериться;1
Доверю;1
доверяем;1
доверяет;1
догадались;1
догнала;1
догнивающих;1
догонит;1
догорало;1
Догорают;1
Догорающий;1
догорая;1
догорела;1
дождался;1
дождевым;1
Дождитесь;1
дожидается;1
дожидались;1
дожидаться;1
дожидаясь;1
Дожидаясь;1
дожили;1
дозирающие;1
дойдет;1
доказал;1
доказывать;1
доказывают;1
Доламывал;1
долинный;1
домучь;1
домчалась;1
донесся;1
донести;1
доносит;1
Допевать;1
дописанную;1
Допишет;1
допишу;1
дополз;1
Допою;1
достать;1
достаю;1
достигает;1
достигла;1
достигнутое;1
достигнуть;1
дохнуть;1
доходит;1
Дошел;1
дошла;1
дразнит;1
Дразнит;1
Дразните;1
дразнить;1
дрались;1
дребезжавшие;1
дребезжит;1
дремавший;1
Дремала;1
Дремать;1
дремотой;1
дремучая;1
дробились;1
дробя;1
дробят;1
Дробящихся;1
дрогну;1
дрогнувшей;1
дрогнула;1
Дрожали;1
Дружась;1
дубасить;1
Дует;1
дул;1
Дул;1
думайте;1
Думайте;1
Думала;1
думали;1
думалось;1
думано;1
Думать;1
думаю;1
думая;1
думою;1
дунет;1
дупел;1
дурали;1
дурманит;1
дутой;1
душит;1
дыбит;1
Дымилось;1
Дымился;1
Дымит;1
дымящейся;1
Дымящиеся;1
дымящих;1
Дырявит;1
дышал;1
Дышал;1
дышали;1
Дышали;1
дышало;1
Дышащий;1
дышет;1
Дышит;1
дышишь;1
Едем;1
Едим;1
еду;1
еженочь;1
Ежусь;1
ездил;1
ем;1
ест;1
Ехал;1
ехали;1
жаждал;1
жаждет;1
жажду;1
Жаждущий;1
жалел;1
жались;1
Жалят;1
жарился;1
жарю;1
Жгите;1
жгли;1
ждём;1
Ждешь;1
жди-пожди;1
Ждите;1
Жду;1
Ждут;1
Ждущего;1
жег;1
жегся;1
желавших;1
желал;1
желала;1
Желтеет;1
желтеющий;1
Желтых;1
жечь;1
жжет;1
Живем;1
живёт;1
живете;1
Живете;1
живешь;1
живёшь;1
живописует;1
Живу;1
Живут;1
живущий;1
Живущих;1
живя;1
Живя;1
Жили;1
жилось;1
жмется;1
Жмитесь;1
жму;1
жмущие;1
жрать;1
жует;1
жужжат;1
Забавляюсь;1
забегал;1
забеременели;1
Забивает;1
забился;1
забиты;1
забитый;1
заблестит;1
Заблещут;1
заблистали;1
заблудился;1
заболеть;1
заболит;1
забрезжил;1
забрезжить;1
забрезжут;1
забрел;1
забросил;1
заброшенной;1
заброшу;1
забудет;1
Забудешь;1
забудешься;1
забудусь;1
забываемых;1
забываю;1
забывши;1
Забывших;1
Забыла;1
Забыли;1
Забылись;1
забыты;1
забытый;1
Забыть;1
забьется;1
забьюсь;1
завалится;1
завеет;1
завершены;1
Заветные;1
завещал;1
завещанных;1
Завещать;1
завещаю;1
завившись;1
Завил;1
завинченный;1
завладев;1
завладел;1
Завоет;1
заворкует;1
завывает;1
завывали;1
Завьется;1
Завьются;1
завядший;1
Завязаны;1
Завянет;1
загадав;1
Загадили;1
Загасите;1
Загляделись;1
заглядываете;1
Заглядывал;1
заглядываю;1
заглянувши;1
загнал;1
загнанных;1
загнем;1
Заголил;1
заголосил;1
Загорись;1
Загорится;1
загорятся;1
Загрустила;1
задел;1
Задел;1
задернула;1
задетых;1
задираю;1
задохнувшись;1
задрав;1
задремавши;1
Задремал;1
задремать;1
задрожал;1
Задувает;1
задумавшись;1
задумчив;1
задумчивей;1
Задуши;1
задушит;1
Задушите;1
Задымил;1
задымится;1
Задымишь;1
заерзает;1
Заехала;1
Зажавши;1
зажать;1
зажглось;1
Зажглось;1
зажгусь;1
Зажгутся;1
заждались;1
Зажег;1
Зажегся;1
заженных;1
зажженные;1
зажженных;1
зажжено;1
заживших;1
зажигаем;1
зажигается;1
Зажигать;1
зажигаю;1
Зажигаю;1
Зажигают;1
зажигая;1
Зажигая;1
зажму;1
Зажмурясь;1
Зазвенели;1
зазвучит;1
зазвякал;1
Зазеленели;1
зазнаются;1
заиграны;1
заикаю;1
заикающимся;1
заимствуя;1
заиндевевших;1
зайдет;1
зайдя;1
Закабаленная;1
заказал;1
Заказываю;1
Закалдованы;1
закатное;1
закатный;1
закатных;1
закачалась;1
Закачались;1
заквашивая;1
закивал;1
закидайте;1
закинув;1
закипающих;1
закисшие;1
Заклокотавших;1
заключил;1
Заковали;1
заковался;1
закован;1
Закованная;1
закованный;1
закованы;1
Заколите;1
заколоть;1
Заколял;1
Закопал;1
закроет;1
закрою;1
Закружит;1
закрутились;1
закручен;1
закрывал;1
закрывалось;1
закрывать;1
закрывают;1
Закрывая;1
закрывши;1
закрывшись;1
Закрыл;1
Закрыла;1
закрылся;1
закрытых;1
закудрились;1
Закурчавилась;1
Закурчавясь;1
закутавшись;1
заламывает;1
заластился;1
залежанные;1
Заливается;1
заливался;1
заливать;1
заливая;1
зализывая;1
залил;1
Залит;1
залитые;1
залить;1
заложим;1
заломив;1
Залучил;1
зальется;1
Зальются;1
залягу;1
заляскали;1
заманил;1
заманит;1
заманят;1
замедлила;1
замедляют;1
замелькает;1
Замелькал;1
замелькала;1
заменил;1
заменю;1
замер;1
Замерзают;1
Замерла;1
Замерло;1
Замесит;1
Заметает;1
заметив;1
Заметил;1
заметит;1
заметить;1
заметишь;1
Заметьте;1
Заметящий;1
Замирают;1
замкнувшейся;1
Замолкнут;1
замолчала;1
заморожена;1
Заморожены;1
заморозили;1
замри;1
замурован;1
замурованные;1
Замучает;1
Замучен;1
замучена;1
замучил;1
замыкаю;1
замышленных;1
занавесила;1
заневолить;1
занемел;1
занес;1
занесенной;1
занесенный;1
занесла;1
занимается;1
заныла;1
заорал;1
заорала;1
запавший;1
Запамятовал;1
Запахивает;1
запахнув;1
запахнул;1
запахнулся;1
запачкал;1
запевают;1
запекся;1
запел;1
заперев;1
заперты;1
запечатанных;1
запечатлен;1
запечатленный;1
запирать;1
заплакал;1
заплакала;1
заплачет;1
Заплачет;1
заплесневшим;1
заплетал;1
заплещут;1
Заплутал;1
заплюхало;1
запляшет;1
заповедными;1
запоет;1
Запоет;1
Запоздалому;1
Заползал;1
заполнялись;1
Заполыхают;1
запомнить;1
запотели;1
запретными;1
Запрещая;1
запрокинувшийся;1
Запрокинулась;1
запрокинулся;1
запряжена;1
Запрятал;1
запрячь;1
запустит;1
запутавшись;1
запутался;1
Запутался;1
запутанно-смяты;1
запылало;1
запыленные;1
запылённых;1
запылишь;1
запыхался;1
зарвавшихся;1
зардев;1
зардевшись;1
зарделись;1
заревет;1
Зарезал;1
зарезала;1
заржав;1
Зарит;1
Зарождающаяся;1
заросшей;1
Заросший;1
Зарумянится;1
зарывали;1
зарыдавшей;1
зарыдала;1
зарылся;1
зарыты;1
зарыть;1
засветит;1
засветятся;1
засвищет;1
засиял;1
заслужить;1
Заслышавши;1
заслышат;1
Заслышу;1
Засмеюся;1
засмеялась;1
засмеялся;1
засну;1
заснув;1
Заснувший;1
Заснул;1
заснули;1
заснуло;1
Засосал;1
засосан;1
засосет;1
заставила;1
заставляла;1
заставляли;1
застает;1
застал;1
Застали;1
Застигнут;1
Застонал;1
застопоривший;1
застрелить;1
застрявшие;1
застывший;1
Застывшую;1
Застыл;1
застыли;1
Застыли;1
Засунь;1
засыпал;1
Засыпаны;1
засыпать;1
засюсюкают;1
затаил;1
Затаил;1
Затаилась;1
затая;1
затаясь;1
затевает;1
затекли;1
затемнен;1
затеплились;1
Затертый;1
Затерянный;1
Затмилась;1
Затмить;1
затопит;1
Затопить;1
затопят;1
затравленным;1
затрещавший;1
затуманенной;1
затянете;1
затянуло;1
затянулся;1
Затянутые;1
зауздать;1
заунывный;1
заухай;1
зафыркал;1
захватывает;1
Захлебнулась;1
захмелевший;1
Заходи;1
захотев;1
захотел;1
Захотел;1
захотели;1
захотеться;1
захоти;1
Захохочет;1
захохочу;1
захочет;1
зацарапайте;1
Зацветаньем;1
зацветших;1
зацелован;1
зацелуй;1
зацыкали;1
зачадит;1
зачарован;1
зачах;1
зачерпнув;1
зачерпнул;1
Зачерпнуть;1
зашвырнувшись;1
Зашевелился;1
зашиты;1
зашумят;1
защелкнулся;1
зван;1
звать;1
Звенит;1
звенящие;1
Звенящий;1
Звереют;1
звонит;1
звонят;1
Звонят;1
звучали;1
звучало;1
звучащие;1
Звучащие;1
звучащий;1
звякает;1
звякают;1
звякнув;1
здравствуют;1
зевая;1
Зимуют;1
зияет;1
златосила;1
златоустейший;1
златящихся;1
злился;1
злится;1
злюсь;1
знавал;1
знавшая;1
знавшей;1
знаем;1
Знаем;1
Знаешь;1
Знай;1
Знал;1
Знала;1
знало;1
Знаменитую;1
значатся;1
значит;1
значишь;1
знающих;1
зовем;1
зовёт;1
зовущей;1
зовущие;1
зовущих;1
золот;1
золотил;1
Золотится;1
золотятся;1
зрел;1
зреющий;1
зрил;1
зрит;1
зришь;1
зыбим;1
зябли;1
зябнущих;1
игольчатая;1
игольчатыми;1
игравшему;1
Играет;1
играйте;1
играла;1
Играть;1
играющий;1
играя;1
Играя;1
идём;1
идемте;1
Идемте;1
идите;1
Идти;1
ИДУТ;1
идущего;1
Идущем;1
идя;1
избави;1
избалованный;1
Избежавший;1
избежим;1
избрав;1
избыть;1
избяные;1
изведать;1
извернувшись;1
изветшавшей;1
Извивалась;1
извиваться;1
извините;1
Извлеките;1
извлечь;1
изволите;1
изгибаясь;1
Изгибаясь;1
изгрызла;1
изгрызли;1
издал;1
издалеча;1
издерется;1
измененной;1
измененным;1
изменившую;1
изменили;1
Измены;1
изменяли;1
измерил;1
Измерялось;1
измерять;1
изморщен;1
измучить;1
измятая;1
Изнедривающаяся;1
изнемогла;1
Изнемогла;1
изныв;1
изныла;1
изогнули;1
изогнуты;1
изодрал;1
Изодрались;1
Изотлевший;1
изошли;1
изранен;1
изрек;1
Изрубите;1
Изругивался;1
изрывая;1
изрыгает;1
изрыли;1
изучивши;1
изъиздеваюсь;1
изъязвили;1
изысканных;1
имеет;1
именинит;1
имея;1
индевели;1
искаженные;1
искали;1
Искривившихся;1
Искрись;1
Искрится;1
искрясь;1
искрятся;1
искупит;1
Искупить;1
искушенные;1
испачканные;1
испешеходили;1
Исписал;1
исповедаю;1
исповедовал;1
исповедуется;1
исповедываться;1
Исполнен;1
Исполнена;1
исполненный;1
исполненных;1
исполнено;1
исполнил;1
исполнился;1
испуганной;1
испуганный;1
Испытав;1
испытавших;1
Испытать;1
испытуя;1
испытываю;1
исследил;1
Иссохнув;1
Иссушите;1
иссякла;1
истает;1
истают;1
истаяв;1
истекает;1
Истерзавшую;1
истерзать;1
истечь;1
Истечь;1
истлевшем;1
истлевшие;1
истлевших;1
истомила;1
истомленный;1
истоптать;1
источиться;1
Истратить;1
истребил;1
истрепанные;1
Исходит;1
исхудавший;1
исцеленный;1
исцелил;1
исцеляю;1
Исчезает;1
Исчезала;1
исчезать;1
исчезла;1
исчезли;1
исчезнет;1
исчезнувший;1
исчезнул;1
Исчезнут;1
Исчерненный;1
Исчерпав;1
исчерпать;1
Исшагал;1
ища;1
Ища;1
Ищем;1
Ищет;1
Ищи;1
ищут;1
кадил;1
кадило;1
Кажись;1
кажусь;1
казаться;1
Казнен;1
казненного;1
казня;1
Кайся;1
Каменеют;1
канув;1
канувшей;1
канул;1
Капало;1
каплет;1
карабкались;1
Карабкаясь;1
карать;1
караулили;1
карающий;1
касался;1
Катая;1
катим;1
катятся;1
катящиеся;1
качает;1
Качается;1
качал;1
качала;1
качалась;1
Качался;1
качаюсь;1
Качаюсь;1
Качаются;1
качнувшийся;1
кашляет;1
каясь;1
кивают;1
Кидает;1
кидай;1
Кидалась;1
кидать;1
кидаю;1
кинешься;1
кинувшийся;1
кинулся;1
кипел;1
Кипя;1
кипящий;1
кипящую;1
Клали;1
кланяется;1
класть;1
Класть;1
клевали;1
клокочет;1
Клокочущий;1
Клонились;1
клонит;1
Клонит;1
клоню;1
Клонюсь;1
Клонятся;1
клубится;1
клялся;1
клянуся;1
Клянутся;1
клянуть;1
Кляня;1
ковались;1
ковало;1
Ковылять;1
ковыляющих;1
когтили;1
колебалась;1
колеблется;1
Колеблют;1
колесить;1
Колыхается;1
колыхался;1
колышет;1
колют;1
Кончал;1
кончатся;1
кончил;1
копаюсь;1
копаясь;1
коптящих;1
копытит;1
кормил;1
кормим;1
кормит;1
Кормясь;1
кормящего;1
короновавши;1
коронован;1
Коронуйся;1
Коротал;1
корчить;1
корю;1
косит;1
Косится;1
коснело;1
Коснеют;1
Коснувшись;1
коснулся;1
крадется;1
крадешься;1
Кралась;1
Краснеет;1
краснела;1
краснеющих;1
Красуется;1
Красуются;1
кренились;1
крепит;1
крепнет;1
крепчает;1
крепчал;1
крестил;1
Крестились;1
крестит;1
креститесь;1
крестить;1
крестя;1
Крестя;1
крестясь;1
кривилось;1
кривляться;1
Кривляются;1
крикнем;1
крикнул;1
Крикнуть;1
крича;1
Кричал;1
Кричали;1
кричащим;1
кроиться;1
Кромсать;1
кропил;1
кропит;1
Кропя;1
крошащийся;1
кроют;1
Кроют;1
кроясь;1
кружа;1
кружащемся;1
кружиться;1
Кружиться;1
крутит;1
крутя;1
Крутясь;1
кручинься;1
крушил;1
Крыл;1
кувыркаясь;1
кует;1
Кукарекнув;1
купаются;1
куривший;1
курится;1
куришь;1
курчавящихся;1
кусай;1
кусала;1
Кусали;1
кусают;1
кутаетесь;1
ласкаем;1
ласкал;1
ласкала;1
Ласкать;1
Ласкают;1
лаская;1
ластясь;1
Ластятся;1
лающих;1
лгал;1
лгу;1
лгут;1
Легла;1
лежа;1
лежавшим;1
Лежали;1
лежало;1
лежать;1
лежащее;1
лежащий;1
лежащую;1
лежи;1
Лезем;1
лезть;1
лезу;1
лезут;1
Лейся;1
лепечет;1
лепечу;1
лепечут;1
Лепечут;1
лепим;1
лепятся;1
лепящих;1
летаем;1
летать;1
летающие;1
Летели;1
лететь;1
летя;1
летящих;1
Лечу;1
Лечь;1
лижут;1
Лизал;1
ликует;1
ликуешь;1
ликуй;1
ликуя;1
лилась;1
лили;1
лилось;1
линяющих;1
липнет;1
листая;1
лишен;1
лишены;1
лишить;1
лови;1
ловила;1
ловили;1
Ловило;1
ловит;1
Ловить;1
ловлю;1
ловят;1
ложатся;1
Ложатся;1
ложит;1
ложите;1
ложится;1
ломаем;1
Ломается;1
Ломали;1
ломался;1
ломится;1
лопались;1
Лорнирует;1
Лоснящийся;1
лохмотница-мгла;1
лощился;1
лукавь;1
лущит;1
лысеющую;1
Льётся;1
Любил;1
любили;1
любились;1
любило;1
Любилось;1
любимо;1
любимой;1
Любимые;1
любимый;1
Любимый;1
любимым;1
любимых;1
любите;1
Любите;1
Любить;1
любовались;1
Любовался;1
любуемся;1
любящие;1
лягает;1
мажется;1
манил;1
манящие;1
марают;1
матюгал;1
махни;1
махну;1
махнув;1
мглится;1
Мей;1
мелешь;1
мелькали;1
Мелькали;1
мелькнувшее;1
мелькнувшей;1
мелькнут;1
Меняется;1
меняла;1
Меняю;1
меняя;1
меняясь;1
мерещились;1
мерещилось;1
Мерещитесь;1
мерим;1
мериться;1
меркнет;1
Меркнет;1
мерцают;1
мерцающим;1
мерцающих;1
мерьте;1
месить;1
мести;1
метал;1
метала;1
Метались;1
метет;1
метит;1
метнув;1
Метнула;1
метнусь;1
мечтаем;1
мечтала;1
мечтающую;1
мечусь;1
Мечусь;1
мечутся;1
мешает;1
Мешает;1
Мешали;1
Мешают;1
мешая;1
мигают;1
Мигнул;1
миновала;1
Миновали;1
минувшие;1
минувших;1
минует;1
Минуют;1
Млечпуть;1
Многооконный;1
Множите;1
множится;1
мнущего;1
Мог;1
Могла;1
Могли;1
моем;1
мозжит;1
Мойте;1
молвив;1
молвили;1
молвить;1
молил;1
молила;1
молилась;1
молили;1
молились;1
молилися;1
Молился;1
молимся;1
молится;1
молить;1
Молить;1
Молиться;1
молодеть;1
молотим;1
молю;1
моля;1
Молясь;1
молят;1
молятся;1
молящего;1
молящихся;1
Мореет;1
моросил;1
моросить;1
морочь;1
Морщинились;1
Мотаешь;1
мочил;1
мощен;1
моют;1
мрут;1
мстишь;1
мужала;1
мусоля;1
мучалась;1
мучат;1
мучила;1
мучит;1
мучить;1
муштровано;1
Мчались;1
мчаться;1
мчимся;1
Мчите;1
Мчитесь;1
Мчится;1
мчусь;1
Мчусь;1
мыкался;1
Мыли;1
мысля;1
Мял;1
мяли;1
мяукал;1
мяукают;1
Мяучит;1
набегающий;1
набежав;1
набила;1
Набрать;1
Набросанным;1
наваливал;1
навалясь;1
наведет;1
Навещаешь;1
нависло;1
наврали;1
нагая;1
нагибаюсь;1
Нагнали;1
наготой;1
Наградит;1
надвигаются;1
надвигающейся;1
надвигаясь;1
надвинув;1
Надвинув;1
Надвинутой;1
надгробным;1
надеждою;1
надейся;1
надейтесь;1
Надел;1
наделаем;1
наделал;1
наденем;1
Наденем;1
надену;1
надето;1
надеты;1
надеялась;1
надеясь;1
надменную;1
надоела;1
надоели;1
надулись;1
надышался;1
Назвала;1
названьем;1
назначала;1
назначено;1
назови;1
Назовут;1
называет;1
Называй;1
называл;1
называться;1
называю;1
Называя;1
найдешь;1
найдут;1
найдя;1
накажем;1
наказуешь;1
наказывал;1
накаплен;1
накликал;1
наклоненных;1
наклонили;1
наклонились;1
наклонилось;1
наклонился;1
Наклонился;1
наклонюсь;1
наклонял;1
наклонялись;1
наклоняются;1
Наклоняя;1
накрыли;1
Налакомившийся;1
налетят;1
наливается;1
Наливались;1
наливные;1
налившуюся;1
налипла;1
налита;1
наложивши;1
наляжет;1
намалюю;1
намерен;1
нанизала;1
Наносят;1
Наоткрываем;1
Наотмашь;1
Напевает;1
напившись;1
написали;1
написан;1
написанный;1
напитавшись;1
наплывающих;1
Наполнив;1
Наполнил;1
Наполнили;1
наполнило;1
Наполним;1
наполняв;1
Наполнят;1
Напоминают;1
напомнили;1
направить;1
направлен;1
направлена;1
направляется;1
направляю;1
напророчишь;1
напьемся;1
напяливший;1
нарастающей;1
нарастая;1
нарвав;1
нарезанных;1
нарисованным;1
Нарумянена;1
Нарушает;1
нарушит;1
нарядив;1
наряжаемся;1
насадил;1
насвистывать;1
населить;1
насиловать;1
наскучивши;1
наскучивших;1
наскучило;1
наскучить;1
наслаждаться;1
наслаждаясь;1
наследовал;1
Насмехаясь;1
настало;1
настиг;1
настигла;1
настроен;1
наструнились;1
наступаем;1
наступает;1
наступившую;1
насытиться;1
натащу;1
натвердит;1
натирают;1
натрудивший;1
Натужились;1
натыкана;1
натыканы;1
натянул;1
Натянул;1
натянутый;1
Научатся;1
научились;1
Научился;1
Нахлобучив;1
Нахлынули;1
нахмуренным;1
Нахмурив;1
Нахмурил;1
нахмурилось;1
находили;1
находит;1
нахохлясь;1
нацепил;1
начало;1
начатую;1
Начертать;1
Начертил;1
начинается;1
Начинается;1
начинал;1
начнет;1
начнёт;1
начнутся;1
Нашел;1
нашелся;1
нашли;1
ндрав;1
Неблагодарная;1
неволил;1
негодую;1
негодуя;1
Негодуя;1
Недвижен;1
недоумевая;1
нежат;1
нежен;1
нежился;1
нежится;1
Нежнейших;1
Нежнейшую;1
Некрашеных;1
нелюбим;1
Нелюбимых;1
немеет;1
Немеркнущих;1
ненавидела;1
ненавижу;1
Неопытное;1
несет;1
несетесь;1
несешь;1
Несите;1
Несла;1
Неслась;1
Неслись;1
несло;1
несся;1
нестись;1
несу;1
Несут;1
несущеюся;1
Несущие;1
Несущий;1
Неустающим;1
нив;1
низвел;1
низложен;1
Низринется;1
нисходит;1
ноет;1
норовит;1
Носила;1
носились;1
Носились;1
носило;1
носится;1
нося;1
носящий;1
ночевал;1
Ночующим;1
ношу;1
нравилась;1
нравился;1
нравиться;1
нравятся;1
нудили;1
Нырнет;1
Нырнула;1
ныряет;1
Ныряли;1
нюхает;1
нюхал;1
нюхают;1
нюхая;1
обабившись;1
обвей;1
обветренном;1
обвеянный;1
Обвивались;1
Обвил;1
Обвился;1
обвисший;1
обвисшими;1
Обвитый;1
обвитых;1
Обгладывает;1
Обгоняясь;1
обгорающем;1
обгорающим;1
обеднею;1
обезумев;1
обеленным;1
обернется;1
обернешься;1
обернись;1
Обернулся;1
обернусь;1
обессилел;1
Обессиленный;1
обессиленных;1
обессудь;1
обещает;1
обещаете;1
обещаешь;1
Обещаю;1
обещают;1
обещая;1
обжег;1
Обживший;1
Обжигать;1
обжигают;1
обжиревшей;1
обидели;1
обидеть;1
Обиженные;1
обижу;1
обкорнав;1
обладал;1
Обладая;1
облают;1
облекает;1
облепленный;1
Облетел;1
облечены;1
обливаю;1
обливаются;1
облизали;1
облитой;1
Облитой;1
обложила;1
облупленный;1
обмакивать;1
обманув;1
обманулся;1
обмануты;1
обмезнувший;1
обменялись;1
обмолоть;1
обморочное;1
обмотает;1
обмывают;1
обмыт;1
обнажает;1
обнажая;1
обнажена;1
обнажённое;1
Обнаженную;1
обнаженные;1
обнаженный;1
обнаживши;1
обнаруживает;1
Обнимали;1
обнимая;1
обнимет;1
обнищаешь;1
обнови;1
Обносит;1
Обнявши;1
Обнявшись;1
обнять;1
Обогнув;1
ободрав;1
обожжет;1
Обойдя;1
обольстительный;1
Обольстительных;1
оборвала;1
Оборвалися;1
оборвался;1
оборвет;1
оборви;1
оборвусь;1
оборвутся;1
обоссать;1
обошел;1
Обрамляя;1
обрасти;1
обратишь;1
обращается;1
обрезаны;1
обрекли;1
обрёл;1
обретем;1
обрету;1
обреченный;1
обрильянтишь;1
оброненный;1
обрубать;1
обручали;1
Обручен;1
обручивший;1
Обручились;1
обрыдал;1
обрызганный;1
Обрызганы;1
обрюзг;1
обрюзгло;1
обрюзгший;1
обсмеянный;1
обсосала;1
Обсосать;1
обсохло;1
обступающих;1
Обсушил;1
обточатся;1
обуздывал;1
Обулась;1
обучался;1
обучен;1
Обходил;1
Обходили;1
обхожу;1
обхожусь;1
Обшаривая;1
общезал;1
объедаешь;1
объемлет;1
Объемлет;1
объявив;1
объяты;1
объятых;1
овеет;1
овитый;1
овладела;1
овладеть;1
оглашая;1
Оглашая;1
оглобли;1
Оглохшим;1
оглохших;1
оглупевшего;1
оглупив;1
Оглушает;1
оглушить;1
оглянешься;1
оглянувшись;1
огневеет;1
Огневеющий;1
огнезарным;1
ограбил;1
ограблен;1
ограбленный;1
огражденные;1
огромив;1
огуречным;1
одаривать;1
одевает;1
Одевал;1
Одел;1
оделась;1
Оденьте;1
одеревенели;1
Одетый;1
одеть;1
одинокою;1
одолеем;1
одолела;1
одолеть;1
Одолеть;1
одрях;1
Одумайся;1
одурманил;1
одурманила;1
Одурманит;1
Одушевленнее;1
оживет;1
оживут;1
ожидает;1
ожидали;1
Ожидая;1
ожил;1
Ожила;1
Озабочен;1
озарен;1
Озарила;1
озарить;1
озаряется;1
озаряя;1
Озаряя;1
Озверевшие;1
озвереет;1
озирал;1
озирался;1
Озлащали;1
озлобив;1
оказалось;1
Оказалось;1
оказывается;1
окаменела;1
оканчивая;1
окапав;1
окапал;1
Окинув;1
Окликнул;1
окованных;1
околевая;1
околела;1
окончив;1
окончивших;1
окончу;1
окошечное;1
окрасив;1
окрасилась;1
окрасим;1
окровавив;1
окровавленную;1
окровавленные;1
окропились;1
округленные;1
округленный;1
округло;1
окружающих;1
Окружила;1
окрыленный;1
окрыляются;1
окунется;1
окунула;1
окуривает;1
окутав;1
омоет;1
омоченных;1
омыл;1
омытого;1
онемело;1
опавшими;1
опаленный;1
опалив;1
Опенивающий;1
опереться;1
оперлись;1
опершись;1
Опершись;1
опиваясь;1
описанные;1
оплативши;1
оплатил;1
оплачивают;1
опляшет;1
опоздал;1
Опоила;1
Опочил;1
Опочила;1
опочило;1
опошлить;1
опояшет;1
оправдали;1
оправдывает;1
оправдывают;1
опрокинется;1
опрокинула;1
Опрокинулись;1
опрокинутой;1
опрокинутый;1
Опрокинуться;1
Опросит;1
опускает;1
опускали;1
опуская;1
опустела;1
опустилась;1
Опустилась;1
Опустился;1
опущенные;1
опущенных;1
опущены;1
Опущу;1
опьяните;1
опьяняющая;1
ораненных;1
ораны;1
оросили;1
Осадив;1
Освежал;1
Освети;1
Осветит;1
осветят;1
освещали;1
освещать;1
освещая;1
освободился;1
освобожденных;1
освятила;1
освятить;1
Освящается;1
оседлав;1
Осел;1
осенила;1
Осеннего;1
оскалены;1
оскалились;1
осклабившись;1
оскорбит;1
оскорбить;1
оскорбленной;1
оскорбленный;1
ослабли;1
ослеп;1
оснеженной;1
Оснежились;1
оснуют;1
осознали;1
оспою;1
оставался;1
оставив;1
оставлена;1
оставленный;1
оставленных;1
оставлю;1
Оставляя;1
оставшийся;1
оставь;1
оставят;1
Осталась;1
Остались;1
осталися;1
осталось;1
Осталось;1
осталося;1
Останови;1
остановившейся;1
Остановился;1
остановись;1
Остановитесь;1
остановится;1
Остановить;1
останусь;1
остаться;1
Остаться;1
остёр;1
острощены;1
Оступаясь;1
оступясь;1
остывающий;1
остыло;1
остыть;1
осудив;1
осуждай;1
Осужден;1
осушал;1
осуществленный;1
осыпал;1
Осыпали;1
Осыпают;1
Осыпающиеся;1
Осыпаясь;1
отбегая;1
Отбивая;1
Отбросив;1
отбросил;1
отброшен;1
отброшенный;1
отважнейших;1
Отведать;1
Отвезите;1
отверг;1
отвергла;1
отвергнуты;1
отвердевшим;1
отвернулось;1
Отвернутся;1
отвесил;1
Ответил;1
ответь;1
отвечала;1
отвечаю;1
Отвеяли;1
отво'ренной;1
отворился;1
Отвыкший;1
Отвязала;1
отгонять;1
отгоревших;1
отдав;1
отдаваясь;1
отдавшись;1
Отдадимся;1
отдается;1
отдаешь;1
отдай;1
отдайся;1
отдаленном;1
отдаленных;1
отдаря;1
отдаст;1
отдашь;1
отделен;1
отделяет;1
отдохнем;1
отдохнет;1
отдуваясь;1
Отдыхает;1
отдыхал;1
отелится;1
отененный;1
отереть;1
отживших;1
отзванивал;1
Отзвенела;1
отзвучал;1
Отзовись;1
отзовитесь;1
Откажется;1
отказать;1
Откликаются;1
откололася;1
откроем;1
откроет;1
откроется;1
открой;1
Откройте;1
откроются;1
открывают;1
открываются;1
Открыл;1
Открыла;1
открыли;1
открылись;1
Открылись;1
открылось;1
открылся;1
открыт;1
открытый;1
Открыть;1
отлетевшего;1
отлучиться;1
отметит;1
отметятся;1
Отмечается;1
отмечал;1
отмечталось;1
отношусь;1
отняла;1
отогнать;1
отогретым;1
Отодвинул;1
отойдешь;1
отомстит;1
отомстить;1
отошел;1
Отошел;1
отошла;1
Отошли;1
Отпевали;1
Отпирал;1
Отплещут;1
Отплясывают;1
отправила;1
отправитесь;1
Отпрянет;1
отпущенный;1
Отпущу;1
Отравляет;1
отражался;1
отражаюсь;1
Отражаются;1
отражающие;1
отражен;1
отражена;1
отразилась;1
Отразились;1
отразится;1
Отрезвевшая;1
Отрекшийся;1
отринут;1
отрицает;1
отрыть;1
отряхаю;1
отряхивались;1
отряхну;1
отсверкал;1
отскандалил;1
отставить;1
Отставляя;1
отстанет;1
отстраняющей;1
отстроив;1
отстукивай;1
Отступающего;1
отступая;1
отступивших;1
отсутствуют;1
Оттаяв;1
оттаявшее;1
оттенит;1
отторгнут;1
отторженный;1
отточен;1
отточены;1
отуманен;1
отуманена;1
Отхаркивающие;1
отхлынула;1
Отходит;1
отходя;1
отходящей;1
отходящий;1
Отцветших;1
отцепляясь;1
отчалил;1
отчаясь;1
Отчаясь;1
отшлифованная;1
отшумела;1
отягивай;1
отяжелевшему;1
охватил;1
охватит;1
охвачена;1
охладит;1
Охорашивая;1
охотящемуся;1
охраняем;1
Охраняй;1
оцарен;1
оценит;1
Оцепенев;1
очаровал;1
очарованном;1
очерствевает;1
очертаньем;1
очертил;1
Очерчивал;1
очёсками;1
очёсок;1
очистив;1
очистить;1
очнемся;1
очнувшейся;1
Очнувшийся;1
Очнувшись;1
Очнусь;1
ошеломлённый;1
ощеренным;1
ощетинился;1
Ощетинился;1
ощетинит;1
ощетинясь;1
ощипавши;1
ощутишь;1
оэкранен;1
Падает;1
падала;1
падало;1
падать;1
Падать;1
падают;1
падем;1
падут;1
пали;1
пало;1
Пало;1
палящим;1
палящих;1
парит;1
Пасут;1
пахнув;1
Пахнув;1
пахнул;1
пахнуло;1
пахнущие;1
Пачкал;1
пачкаясь;1
певал;1
Певучая;1
пей;1
Пей;1
Пейте;1
пеленали;1
пело;1
пенилась;1
пенились;1
пенясь;1
первородные;1
перебирало;1
перевернувшись;1
перевёрнутой;1
перевил;1
Передайте;1
передать;1
передвигают;1
передрассветной;1
переехал;1
пережженный;1
Переживал;1
пережил;1
пережитом;1
перейдет;1
перекатывался;1
перекинулось;1
Перекинуты;1
перекипевших;1
Перековав;1
перекошенный;1
перекрашивают;1
перекричать;1
перекусит;1
Перелетев;1
Переливается;1
перелистывает;1
переломлена;1
перемазавшись;1
Переминались;1
перемокла;1
перенес;1
перенесли;1
перенести;1
Перенеся;1
перепел;1
Перепела;1
переплывали;1
перепутал;1
переросших;1
пересекала;1
пересохшим;1
перестало;1
перестанет;1
перестану;1
перестань;1
Перестаньте;1
Переступи;1
перетащили;1
перехитрил;1
Перехитрить;1
перехихикиваться;1
Переходим;1
переходя;1
Перехожу;1
перечу;1
перешли;1
пёрла;1
перси;1
песенное;1
Пестришь;1
пестрошерстая;1
Пестрят;1
петься;1
Печален;1
печалилась;1
печально-благодарная;1
печатается;1
пивший;1
пилигрим;1
Пирует;1
писал;1
писать;1
Писать;1
питает;1
Питает;1
питаться;1
Пишут;1
пищали;1
плаваем;1
Плавать;1
плавают;1
плавлю;1
Плакал;1
плакало;1
пламем;1
пламенеть;1
Пламенеющего;1
плачем;1
плачешь;1
Плачут;1
плачущий;1
Плачь;1
плевал;1
Плевал;1
Плевать;1
пленяет;1
Пленяет;1
пленяясь;1
Пленяясь;1
плескаешься;1
плеснул;1
плетет;1
Плетет;1
плетется;1
плетут;1
плещут;1
Плещут;1
плещутся;1
плещущей;1
плодотворить;1
Плывем;1
плывём;1
Плыви;1
Плывущие;1
плыл;1
Плыл;1
плыло;1
Плюй;1
Плюйся;1
Плясал;1
Пляшет;1
пляшу;1
Пляшут;1
пляшущих;1
побегу;1
победили;1
победит;1
Победят;1
побежал;1
Побежала;1
побежали;1
Побежали;1
побежит;1
побили;1
побирается;1
побитого;1
побиты;1
побитые;1
побледнела;1
поблек;1
поблекли;1
Поблескивавших;1
Поблескивая;1
поборов;1
побуждаемый;1
поваленным;1
Повалившийся;1
повалится;1
поваривают;1
поведает;1
поведал;1
поведет;1
поведи;1
повез;1
повезут;1
повел;1
повела;1
поверг;1
повергнуты;1
поверженному;1
поверилось;1
поверим;1
Поверить;1
повернули;1
Повернули;1
повернуть;1
Поверь;1
повесим;1
повесить;1
Повесь;1
повешен;1
Повеял;1
повеяла;1
повинуется;1
повинуяся;1
повис;1
Повисла;1
повиснув;1
повиснувший;1
повиснут;1
повитой;1
повитый;1
повлеклась;1
поворачиваешь;1
повстречаете;1
Повстречалась;1
повстречались;1
повторила;1
Повторяемыми;1
повторяет;1
повторял;1
Повторяю;1
Повыковать;1
Повыньте;1
Погас;1
погасавшего;1
Погасить;1
Погасли;1
погашенный;1
Погиб;1
погибал;1
погибающий;1
Погибла;1
погибли;1
погибнем;1
погибнете;1
погибшей;1
поглотить;1
Поглядел;1
Поговорим;1
погоди;1
погодить;1
погребав;1
погребенный;1
погружается;1
Погружая;1
погружена;1
Погрустить;1
погублю;1
погуляем;1
подавал;1
подавать;1
подавить;1
подавляет;1
подал;1
подана;1
Поданы;1
Подарила;1
Подарили;1
Подарило;1
подарит;1
подарить;1
подаст;1
подберу;1
подбитый;1
подбитым;1
Подбросил;1
подбросить;1
подведена;1
подведи;1
подгнивший;1
Поддельным;1
поддерживая;1
поддонный;1
подёрнулось;1
Подернуть;1
Поджег;1
поджидать;1
подкатит;1
подкашиваются;1
Подкосит;1
подмигивал;1
Поднесет;1
поднимается;1
Поднимались;1
Поднимаюсь;1
поднимаясь;1
поднимем;1
поднимется;1
Подними;1
подниму;1
поднимутся;1
подносят;1
поднявшись;1
Поднял;1
поднялась;1
Подняли;1
подняло;1
поднятый;1
поднять;1
Поднять;1
подняться;1
подобравшийся;1
подобраны;1
подожгли;1
подождать;1
подождите;1
подойдут;1
подойдя;1
подоспевший;1
подотрет;1
Подошел;1
Подпирая;1
подпрыгивали;1
подпрыгивать;1
подпудрит;1
подрасти;1
Подремав;1
Подружились;1
подслушанной;1
подсмотрел;1
подставишь;1
подставленный;1
подтянешь;1
Подумай;1
Подхватил;1
подходил;1
Подходили;1
подходишь;1
подходят;1
Подчинился;1
подшутил;1
подъемлет;1
подъехал;1
подъявшему;1
подъят;1
Подымается;1
подымал;1
подымать;1
поеду;1
Поеду;1
поем;1
поется;1
поешь;1
Пожалеете;1
Пожалейте;1
пожалуюсь;1
пожелтевший;1
пожирают;1
пожнут;1
позабудет;1
позабуду;1
Позабуду;1
позабудь;1
позабывшихся;1
позабыл;1
позабыть;1
позвал;1
позвала;1
Позвали;1
позванивают;1
позвать;1
позволил;1
Позволил;1
позволю;1
позвонил;1
познавая;1
Познавши;1
познала;1
познаю;1
позовет;1
позови;1
позовите;1
позову;1
Позолотив;1
поиграл;1
Пойдем;1
Пойдешь;1
пойдёшь;1
Пойду;1
Поймавши;1
поймал;1
поймали;1
Поймали;1
пойманной;1
Поймать;1
поймают;1
пойми;1
поймите;1
пойму;1
поймут;1
Поймут;1
пойти;1
покажут;1
Показались;1
показаться;1
Покачнув;1
Покачнулася;1
покаюсь;1
покидай;1
Покидайте;1
покидаю;1
покидая;1
Покинула;1
покинули;1
покинуло;1
покинутого;1
Покинутых;1
Покинуть;1
поклонился;1
поклонялся;1
поклоняюсь;1
Поклоняясь;1
поколотит;1
покорив;1
покорил;1
покорился;1
покорненько;1
покоюсь;1
Покоя;1
Покоятся;1
покрасневшего;1
покраснела;1
Покреплюсь;1
покройте;1
покрывающий;1
Покрывшись;1
Покрылся;1
покрыт;1
покрыта;1
покрыты;1
Покрыты;1
покрытые;1
Покупают;1
полагая;1
полез;1
полетела;1
Полетели;1
полетит;1
полз;1
ползать;1
Ползем;1
ползи;1
ползущий;1
поливать;1
Поливают;1
полинял;1
полировал;1
положа;1
положат;1
положи;1
положив;1
положил;1
положила;1
положили;1
положите;1
поломанную;1
полоснув;1
полосовал;1
полосуя;1
Полощет;1
Полощется;1
Полтораста;1
Полугрустя;1
Полузадохшийся;1
Полуизломанный;1
Полуласково;1
Полунеземной;1
полуночный;1
полуоткрыты;1
полураскрытых;1
Полураскрытых;1
полусмеясь;1
полусонная;1
получив;1
получила;1
Польет;1
польется;1
Полюби;1
Полюбил;1
полюбите;1
Полюбить;1
полюбишь;1
поляжет;1
помазаны;1
померк;1
помечтать;1
помещаться;1
Поминал;1
помирюсь;1
помни;1
помнил;1
помнится;1
Помню;1
помнятся;1
помогает;1
помогай;1
Поможет;1
помолиться;1
Помолиться;1
помолчать;1
помру;1
Помучайтесь;1
Помяните;1
помянут;1
помянутый;1
Помят;1
помятые;1
понабираюсь;1
понеслась;1
понесут;1
поникаешь;1
поникаю;1
поникла;1
поникли;1
поникнешь;1
Поникнув;1
поникшийся;1
понимали;1
понимают;1
понравилось;1
Поняв;1
Понявшим;1
Поняла;1
Понятным;1
попадав;1
попадает;1
попадались;1
Попадешь;1
попал;1
Попал;1
поперхнулся;1
Поплыл;1
поправ;1
поправится;1
Поправишь;1
Попрала;1
попробованный;1
попробовать;1
попробуйте;1
попросил;1
попрыщет;1
Порадует;1
порвать;1
Порвитесь;1
Поросли;1
порывистых;1
порыться;1
Порют;1
посвистывая;1
посвятишь;1
посвящен;1
поседевшим;1
поселим;1
посерело;1
Посетил;1
посещал;1
посещали;1
посиневший;1
последнею;1
Последнею;1
Послушаем;1
Послушайте;1
Послушать;1
послушаюсь;1
послышалось;1
Посмертный;1
посмею;1
посмотрели;1
поспевает;1
Поспешил;1
Поспрошай;1
посрамим;1
Поставив;1
поставит;1
поставлен;1
поставленные;1
постаревшего;1
постигли;1
постигнувший;1
Постигшие;1
постичь;1
Постой;1
постоянен;1
построенный;1
построенных;1
построил;1
построила;1
построим;1
построить;1
постыло;1
Посылает;1
посылают;1
посыпала;1
посыпают;1
потекут;1
потемневшей;1
потертые;1
потерявший;1
потеряли;1
потихонько;1
потонет;1
потонувших;1
Потрафить;1
потребовал;1
потрогал;1
Потрошите;1
потрясённый;1
потупив;1
потуплены;1
потупя;1
потускли;1
потускневшего;1
Потускневшие;1
Потускнели;1
потух;1
потухшем;1
Потянет;1
похвалится;1
Похитим;1
Похитить;1
походил;1
похолодела;1
Похоронен;1
похороните;1
похоронят;1
поцеловавшей;1
поцелуешь;1
поч-;1
почернелого;1
почивать;1
Почивают;1
почиет;1
почитаю;1
Почиют;1
Почтит;1
Почувствовав;1
почувствуй;1
почувствую;1
почудились;1
почуя;1
почуяв;1
Почуяв;1
Пошел;1
Пошла;1
пошли;1
Пошли;1
пошло;1
Пощади;1
появился;1
появится;1
поящая;1
праведен;1
праздновать;1
празднуют;1
празднуя;1
праматерь;1
пребудет;1
пребывает;1
превесело;1
превратили;1
превратится;1
предал;1
предам;1
предан;1
преданный;1
Предвещаю;1
Предводителев;1
предгрозовая;1
предлагает;1
предлагала;1
Предложит;1
предназначено;1
предначертано;1
предпочитают;1
предрасскажет;1
представляете;1
представлялась;1
представлять;1
предстала;1
предстали;1
предчувствующей;1
предчувствуя;1
предызбрал;1
презирая;1
Презрев;1
презреть;1
преисполнены;1
преклонится;1
прекословь;1
прекраснейших;1
Прекраснейших;1
Преодолев;1
препоной;1
препоясав;1
прервется;1
Прерывистый;1
Преступивший;1
пресыщенный;1
претворит;1
претворю;1
прибегаешь;1
прибегите;1
прибежишь;1
прибит;1
приближалась;1
приближу;1
Приблизились;1
Приблизило;1
прибьет;1
приветил;1
Приветить;1
приветствовал;1
приветствовали;1
приветствуя;1
привиделась;1
привиделся;1
привидится;1
привлекло;1
Приводит;1
приволочь;1
Привстав;1
привстанет;1
привыкнуть;1
привыкшие;1
пригласил;1
приговаривают;1
приголублю;1
пригубили;1
пригубит;1
Придавили;1
придавлю;1
придвинут;1
приделаю;1
Придёт;1
придешь;1
Придешь;1
придите;1
придумай;1
придумать;1
придумывать;1
Придут;1
придушить;1
придущих;1
придя;1
приезжающих;1
приемлю;1
приемлют;1
Приехав;1
Приехали;1
Прижавши;1
Прижавшись;1
Прижались;1
прижался;1
прижат;1
Прижимается;1
прижимаясь;1
прижмется;1
Прижмись;1
прижмусь;1
призадумался;1
признан;1
призрачно-прекрасный;1
Прикажет;1
прикажи;1
прикасаюсь;1
Прикасаясь;1
Прикидываясь;1
прикован;1
Приколотили;1
прикоснувшийся;1
прикроются;1
прикрученным;1
прикрыв;1
прикрывать;1
прикрытые;1
Прикутано;1
прилег;1
Прилежный;1
прилепив;1
прилетевшей;1
прилетели;1
прилипшую;1
прильну;1
Прильнувши;1
прильнул;1
прильнула;1
примелькавшихся;1
Примет;1
Прими;1
примиренные;1
примиряющей;1
примиряющий;1
примите;1
Примите;1
примчало;1
примчался;1
примятый;1
принахмурится;1
Приневестилась;1
Принес;1
принесенный;1
Принесет;1
принесла;1
принести;1
Принесу;1
Приникала;1
приникла;1
Приникнет;1
Приникни;1
Приникнув;1
приникшие;1
приникших;1
принималось;1
Приносил;1
приносила;1
Приносим;1
приносят;1
принявших;1
принять;1
Принять;1
приобщил;1
приотворяет;1
приоткрыв;1
Приоткрыл;1
Припадающим;1
Припадая;1
Припала;1
припасли;1
припасть;1
приплыла;1
приплыло;1
приподнялся;1
приподнять;1
Приползут;1
припомнил;1
припомнила;1
припомнилась;1
припомнился;1
припомнится;1
Припомнить;1
припомнишь;1
природы-тети;1
приросли;1
приросшим;1
приручить;1
Присел;1
прислали;1
Прислонились;1
прислонился;1
Прислушайся;1
Прислушайтесь;1
присматриваюсь;1
присмирели;1
приснились;1
приснилось;1
приснится;1
присосавшихся;1
Присосусь;1
приспело;1
приспичилось;1
приставая;1
приступить;1
пристяжные;1
присутствовал;1
присутствуя;1
присылай;1
присядьте;1
притая;1
Притворяешься;1
притих;1
притихла;1
притихнет;1
притихшие;1
притихший;1
приторочен;1
притушить;1
приучался;1
Приучила;1
приходи;1
приходила;1
Приходит;1
Приходите;1
приходиться;1
приходишь;1
приходят;1
Прицепившим;1
Причаститься;1
причиняли;1
Причислены;1
пришедший;1
пришёл;1
Пришёл;1
ПРИШЛИ;1
пришлось;1
Прищемит;1
прищуренный;1
приютился;1
приявши;1
прияла;1
Пробегали;1
пробегают;1
Пробежав;1
пробежал;1
Пробежала;1
пробежит;1
Пробивается;1
пробивающему;1
пробираюсь;1
Пробираясь;1
пробить;1
проблистав;1
проблистал;1
прободал;1
Прободала;1
Прободающих;1
прободил;1
Прободит;1
Прободят;1
пробудившаяся;1
пробудившись;1
пробудил;1
Пробудился;1
пробуждается;1
пробуждал;1
пробуждались;1
пробуженный;1
пробуравил;1
провалившиеся;1
провалилась;1
провалятся;1
Провевает;1
проведете;1
провел;1
провёл;1
провидится;1
провидя;1
провисают;1
провлекший;1
Проводи;1
Проводить;1
провожали;1
провожать;1
провозгласил;1
Проволочным;1
Провоняю;1
прогнал;1
прогнала;1
прогнать;1
Прогнать;1
проговорил;1
Прогрустил;1
продавших;1
продает;1
продается;1
Продажночеляди;1
продам;1
проданный;1
продают;1
проделай;1
продетый;1
продолбить;1
продрогший;1
продрогшим;1
продырявят;1
проевшись;1
проезжаем;1
проезжего;1
прожалить;1
Прождала;1
прожег;1
прожёг;1
Проживает;1
проживающим;1
прожигая;1
Прозвенит;1
прозвучали;1
прозвучит;1
Прозрачно-серая;1
Прозрев;1
Прозревшем;1
Прозревших;1
Прозрели;1
проигравшего;1
проиграет;1
проиграете;1
произносят;1
проискал;1
пройден;1
Пройдется;1
Пройдут;1
Пройдя;1
Прокаженный;1
Проклевавшись;1
Проклевать;1
Проклинает;1
проклинай;1
проклинал;1
Проклинаю;1
Проклюю;1
проклята;1
проклятое;1
проклятый;1
Проклятый;1
Прокогтялось;1
пролегла;1
пролей;1
пролесь;1
Пролетала;1
пролетающим;1
пролетевших;1
пролетела;1
Пролетела;1
пролетело;1
пролетят;1
Проливай;1
проливал;1
проложенные;1
проломаем;1
прольется;1
промелькает;1
променяем;1
променял;1
Променять;1
промокли;1
Промокшей;1
промолвил;1
промолчишь;1
промотать;1
Промчавшийся;1
промчался;1
промчится;1
пронесет;1
Пронесет;1
пронеслась;1
пронзаешь;1
Пронзили;1
пронзило;1
Пронзим;1
пронизав;1
пронизан;1
пронизанный;1
Проникли;1
проницавшему;1
Проносят;1
проносятся;1
Проносятся;1
Пропавший;1
пропадет;1
Пропади;1
пропал;1
пропахшего;1
пропетых;1
пропил;1
пропитано;1
проплыли;1
Проплыли;1
Проповедует;1
Проповедуют;1
Проползают;1
Проползет;1
проползли;1
проползу;1
пропустив;1
Пропылишь;1
прорвали;1
прореви;1
прорежем;1
прорезал;1
прорезаны;1
прорезывая;1
проройте;1
проронит;1
проросшие;1
пророча;1
Пророча;1
прорыдает;1
Просадил;1
просак;1
Просверлив;1
Просверлит;1
просветилась;1
просветлев;1
просветлилось;1
Просвечивают;1
просвирен;1
просил;1
Просилась;1
просили;1
Просияв;1
Просиявший;1
просиявшим;1
просияет;1
просиял;1
проскакал;1
проскачет;1
проскользнет;1
проскользнешь;1
Проскользнувшие;1
Проскользнуло;1
проскрипят;1
прославим;1
Прославим;1
прославить;1
Прославляют;1
проснитесь;1
Проснитесь;1
проснувшейся;1
Проснувшийся;1
Проснувшись;1
проснулась;1
Проснулись;1
проснусь;1
проснуся;1
проснуться;1
простер;1
Простер;1
простертая;1
простертого;1
простертое;1
Простертый;1
простил;1
простился;1
простирался;1
простираю;1
Простирая;1
простите;1
Простите;1
простить;1
Простишь;1
простреленной;1
простудясь;1
простыла;1
просыпалась;1
просыпались;1
Просыпался;1
протащить;1
протекали;1
протеренькай;1
протестует;1
протирая;1
протиснул;1
Протрелит;1
протрубила;1
Протрубит;1
протрубят;1
Протянется;1
протянул;1
протянули;1
Протянули;1
протянулись;1
Протянусь;1
протянутой;1
профланирую;1
проходите;1
проходишь;1
проходя;1
проходящий;1
проходящими;1
прохохочет;1
процвести;1
Процелуй;1
прочесть;1
прочитал;1
прочитанный;1
прочитать;1
прочли;1
Прочнейший;1
прочтут;1
прошамкаю;1
прошедшие;1
прошедшим;1
прошел;1
Прошел;1
прошелестело;1
прошелся;1
прошептал;1
Прошепчу;1
прошло;1
Прошло;1
Прошумят;1
прошуршит;1
прощает;1
прощайте;1
Прощайте;1
прощалась;1
прощать;1
прощаясь;1
прощу;1
прояснили;1
прояснялось;1
прыгает;1
прыгала;1
прыгали;1
прыгать;1
прыгают;1
прыгающих;1
прыгая;1
прыгну;1
прыгнул;1
прыснул;1
прыснули;1
прыщей;1
прядает;1
пряла;1
прянет;1
Прянул;1
прятаться;1
прячешь;1
прячу;1
Прячусь;1
прячутся;1
пугает;1
пугаете;1
пугая;1
пулею;1
пульсирующих;1
пурпурных;1
пускать;1
пускают;1
Пустила;1
пустить;1
Пустить;1
пустует;1
Пустынею;1
пустят;1
путешествовал;1
пухнет;1
пылающий;1
пылающим;1
пылая;1
пылит;1
пытался;1
пытаются;1
Пышет;1
пышится;1
пьет;1
пью;1
пьянело;1
пьяни;1
Пьянящегося;1
пьянящем;1
Пялится;1
рабьи;1
равнодуший;1
радует;1
Радуйтесь;1
радую;1
радуюсь;1
радуются;1
Радующиеся;1
Разбежался;1
разберёт;1
Разбивали;1
разбивают;1
Разбили;1
разбились;1
разбитая;1
Разбитой;1
Разбиться;1
Разбой;1
разбрасываю;1
разбросаны;1
разбросив;1
Разбросив;1
развалились;1
Развалился;1
развевался;1
разверзается;1
развернет;1
развеселился;1
развесить;1
развеяв;1
Развивший;1
развила;1
развлекаюсь;1
Разгвоздят;1
разглядываешь;1
разговаривать;1
разговаривающие;1
разгоревшейся;1
раздавлено;1
Раздавлены;1
раздается;1
раздали;1
раздарено;1
раздвигал;1
раздвинет;1
раздвинув;1
Раздвинув;1
раздвинут;1
раздел;1
разделит;1
Раздетой;1
раздирающей;1
раздирая;1
раздобревшие;1
Раздражена;1
раздразнили;1
раздробив;1
раздружился;1
Раздуй;1
разжал;1
разжат;1
разжатой;1
разжатых;1
разживясь;1
разжигает;1
Разжигает;1
раззадоренных;1
разинешь;1
разинули;1
разит;1
разлагаются;1
разлакомясь;1
разливается;1
разливные;1
Разлилось;1
разлит;1
разлита;1
разлитую;1
различали;1
Различали;1
различаю;1
различили;1
разложена;1
разломавши;1
разлучаться;1
Разлучаться;1
разлучены;1
разлучишься;1
разлюбим;1
размалеванный;1
разматывая;1
разменял;1
Разметав;1
разметались;1
размечу;1
размозолев;1
размокшие;1
размытых;1
размякают;1
разнёс;1
разнесли;1
Разнообразен;1
разносят;1
Разнузданный;1
разоблачает;1
разобью;1
Разодран;1
разодранный;1
разорвали;1
разорванной;1
разорванную;1
разорванных;1
разорваны;1
разорвет;1
разорвутся;1
разостлал;1
Разочарованный;1
разошлись;1
Разражались;1
разразиться;1
разрежаясь;1
разрезан;1
разрешал;1
разрешаю;1
разрешите;1
разрушена;1
разрушенный;1
разрушу;1
разрушь;1
разрывает;1
Разрывая;1
разрывные;1
Разрыхлял;1
разуй;1
разулыбив;1
разуться;1
разъяв;1
разъярившийся;1
Разыгрываются;1
разят;1
Ранят;1
раскарячив;1
Раскатиться;1
раскинет;1
раскинув;1
раскинулся;1
расклеили;1
расклюют;1
расковывает;1
расколоться;1
раскорячу;1
раскрасил;1
раскрасим;1
раскрашенных;1
раскрежещенный;1
раскроет;1
Раскроешь;1
Раскройся;1
раскрою;1
раскрывающейся;1
раскрывши;1
Раскрывши;1
Раскрывшиеся;1
раскрывшуюся;1
раскрыл;1
раскрыла;1
Раскрылась;1
Раскрыли;1
раскурил;1
Раскушу;1
Раскую;1
распаленный;1
Распахивал;1
Распахнитесь;1
распахнулось;1
Распевали;1
расписаны;1
расплавлен;1
Расплавленный;1
распластавший;1
Распласталась;1
распластался;1
Расплатятся;1
расплевались;1
расплескались;1
Расплеснется;1
расплетать;1
расплещет;1
распни;1
Распни;1
распродай;1
распростерлась;1
распускает;1
распустивши;1
распустит;1
распутаю;1
распущу;1
Распылалось;1
распял;1
распят;1
Распятого;1
распятый;1
распять;1
рассветала;1
рассеется;1
Рассеивается;1
Рассейся;1
рассекать;1
рассекут;1
расселись;1
расселятся;1
рассеялась;1
рассеялася;1
рассеянно-гордых;1
расскажешь;1
расскажут;1
Рассказал;1
Рассказала;1
рассказаны;1
рассказать;1
рассказывал;1
Рассказывая;1
рассматривать;1
рассматривающая;1
расставаться;1
расставим;1
расстались;1
расстанемся;1
расстаться;1
расстегну;1
расстелет;1
расстрелять;1
рассудил;1
рассудим;1
рассудит;1
рассудительнейший;1
рассчитываю;1
рассыпав;1
рассыпалась;1
рассыпался;1
рассыпаться;1
растают;1
Растают;1
растаял;1
Растаяла;1
растаяли;1
Растаяли;1
растаяло;1
растекающегося;1
растекшееся;1
Растерзанной;1
растерявшийся;1
растерянной;1
Расти;1
растили;1
Растит;1
растить;1
растопить;1
растоптать;1
растопчет;1
растопчу;1
растопырил;1
расточаете;1
расточала;1
расточая;1
Растравлю;1
Растранжирил;1
растрачивая;1
Растревожен;1
Растрепал;1
Растут;1
растущей;1
Растянувшись;1
растянулся;1
расходились;1
расходиться;1
расходятся;1
расцвел;1
расцвела;1
расцвело;1
расцветавших;1
расцветает;1
Расцветает;1
расцветивши;1
расцветшей;1
расцелую;1
Расчесывать;1
расчешешь;1
расшвыривать;1
расширил;1
рвал;1
рвани;1
рванулся;1
рвётся;1
рви;1
рвусь;1
рвут;1
рвутся;1
рвущийся;1
рвущих;1
рдела;1
рдеют;1
рдеющую;1
рдяность;1
рдяный;1
Ревущие;1
редеет;1
Редеет;1
режь;1
резал;1
резвился;1
резить;1
Решил;1
решили;1
реют;1
реяли;1
реять;1
ржавеют;1
ржавь;1
ринулся;1
ринут;1
рисовались;1
рисуют;1
рифмует;1
родила;1
Родился;1
рожавшей;1
Рождается;1
рождались;1
рожденное;1
рожденному;1
рожденные;1
Рожденный;1
рожденным;1
рожденных;1
розовеет;1
розовея;1
розою;1
Рой;1
рокочущие;1
Роняет;1
роняешь;1
Ронял;1
Роняют;1
роняя;1
Роптал;1
Ропщет;1
Россия-мать;1
рою;1
роясь;1
Роятся;1
рубить;1
рубленной;1
Рубцевать;1
ругались;1
ругался;1
ругаются;1
рукоплескала;1
румянят;1
рухнется;1
рухнувши;1
рухнул;1
Рухнула;1
рыгающей;1
Рыдает;1
рыдай;1
рыдать;1
рыдаю;1
Рыдают;1
рыдающей;1
рыдая;1
Рыдая;1
рылся;1
рычат;1
рычащий;1
Рычит;1
Рыщет;1
рявкнет;1
Рядили;1
Рядит;1
рядить;1
рядясь;1
Саданул;1
садились;1
садись;1
Садится;1
Садясь;1
сбегает;1
Сбегутся;1
сбежавший;1
сбежавшихся;1
Сбежал;1
Сбежались;1
сбереги;1
сбесился;1
сбиваю;1
сближали;1
сбросил;1
Сбылись;1
сбылось;1
сваленной;1
свалился;1
свалюсь;1
сватаясь;1
Свевают;1
свежеет;1
свежуя;1
свезли;1
свела;1
свергая;1
сверивши;1
сверкавшего;1
сверкавшие;1
сверкает;1
сверкающий;1
сверкнет;1
Сверкнула;1
сверкнуть;1
сверлит;1
свернувшийся;1
свернутый;1
свернуть;1
свершаем;1
свершали;1
свершалось;1
Свершался;1
свершая;1
свершен;1
свершенных;1
свесюсь;1
свесясь;1
Свесясь;1
Светает;1
светил;1
Светило;1
Светился;1
Светить;1
Светят;1
светятся;1
светящийся;1
свивает;1
свиваются;1
свивая;1
свил;1
свинчу;1
свисает;1
Свистит;1
свистишь;1
свистнул;1
свистя;1
свистящей;1
Свиты;1
Свить;1
свихнувшийся;1
сводил;1
сводит;1
Сворачивай;1
свылись;1
связанные;1
связаны;1
связующей;1
Сгибает;1
сгибалась;1
сгибали;1
Сгибали;1
сгибнуть;1
сгинет;1
сгинул;1
Сгинул;1
Сгинула;1
сгинут;1
Сгинут;1
Сгинь;1
сгонит;1
сгонишь;1
сгорай;1
сгорают;1
сгорающих;1
Сгорбился;1
Сгореть;1
сгори;1
Сгорим;1
сгорю;1
сгребут;1
сгрудит;1
сгустилась;1
сгущалася;1
сдавай;1
сдавлены;1
сдвинули;1
Сделал;1
сделалась;1
сделан;1
сделано;1
сделают;1
Сдержавши;1
сдержана;1
сдержу;1
сдувая;1
сдыхать;1
седеющий;1
седеющую;1
сейте;1
Сел;1
Села;1
Сели;1
селятся;1
Сердилась;1
серели;1
сетуя;1
сжав;1
Сжав;1
сжавшись;1
сжало;1
сжаты;1
сжатый;1
Сжатый;1
сжечь;1
сживаю;1
сжигали;1
Сжигаю;1
сжимает;1
Сжимают;1
сжимаются;1
сжимая;1
сжимаясь;1
сидевших;1
сидеть;1
сидим;1
Сидит;1
сидят;1
сидящих;1
Силится;1
силься;1
силясь;1
синеет;1
синел;1
синея;1
синь;1
сиротеют;1
сиял;1
сияла;1
Сияли;1
сияло;1
Сияло;1
сияньем;1
сияющая;1
сияющие;1
сияющим;1
Скажет;1
Скажешь;1
скажите;1
скажут;1
сказав;1
Сказав;1
Сказавших;1
Скакал;1
скакали;1
скалят;1
скатилась;1
Скатясь;1
Скатятся;1
Скачемте;1
скачет;1
Скачет;1
скачусь;1
скачут;1
Скачут;1
сквозили;1
сквозишь;1
скитается;1
скитал;1
скитаюсь;1
складет;1
складывай;1
склеивших;1
Скликайте;1
склоненную;1
склонил;1
Склонились;1
Склонюсь;1
Склоняет;1
склоняйте;1
Склоняли;1
склонялись;1
склонятся;1
Склоняюсь;1
склоняя;1
сковала;1
сковали;1
сковать;1
скозырим;1
скользили;1
Скользит;1
скользишь;1
скользнет;1
Скользнет;1
Скользящие;1
скользящий;1
скорблю;1
скорбят;1
скоротекущих;1
скосил;1
скошен;1
скрою;1
скрывает;1
скрывши;1
Скрыт;1
скрыто;1
скрытые;1
скрытых;1
скрыть;1
скукожится;1
скулит;1
скучаем;1
скучаешь;1
скучай;1
скучал;1
скучающих;1
Слабеет;1
славил;1
славится;1
славить;1
славишь;1
славословим;1
славословит;1
славословятся;1
славшей;1
славься;1
славьте;1
Славьте;1
славя;1
славят;1
слагавших;1
слагаешь;1
слагал;1
Слагают;1
сладит;1
Сладчайшее;1
слеглася;1
следил;1
следит;1
следить;1
следишь;1
следопыты;1
Следует;1
следующий;1
следя;1
Следя;1
следящую;1
слезится;1
слепил;1
Слепишь;1
слетает;1
слетались;1
слетают;1
слетел;1
сливалось;1
сливаются;1
Сливаются;1
слившаяся;1
слил;1
слилися;1
слился;1
слиняла;1
слипшиеся;1
слить;1
слиться;1
Словите;1
Словить;1
сложив;1
сложить;1
сложу;1
Сломаешь;1
сломал;1
Сломалась;1
сломали;1
сломан;1
сломанную;1
сломанным;1
сломим;1
сломит;1
Сломить;1
Служа;1
служила;1
служились;1
служит;1
Служит;1
случены;1
случилось;1
случных;1
Слушай;1
Слушайте;1
слушали;1
слыша;1
слышат;1
слышатся;1
смакует;1
смеемся;1
Смеется;1
смеешь;1
смежатся;1
смежив;1
смеживши;1
Смейтесь;1
смел;1
смелея;1
Сменив;1
Сменить;1
смеркаться;1
Смертные;1
Смертоносных;1
Сметает;1
Смешав;1
смешались;1
смешалось;1
смешил;1
смешит;1
смеюсь;1
смея;1
смеялись;1
Смеялись;1
смеялось;1
смеяться;1
смирись;1
смирю;1
смиряйся;1
сможешь;1
смол;1
смолк;1
Смолкает;1
смолкли;1
смолкшего;1
сморгнув;1
сморкаться;1
смотревшие;1
Смотреть;1
смотрим;1
смотря;1
смотрящая;1
смочены;1
смуглее;1
смутил;1
смутим;1
Смутится;1
смутьяны;1
смущайтесь;1
Смущаясь;1
смущенная;1
смущены;1
смывается;1
смывая;1
смыл;1
смыть;1
смятенный;1
смятет;1
смяты;1
Снаряжают;1
снегоблещущих;1
снедала;1
снесли;1
снесся;1
Снилось;1
снимать;1
снимаю;1
снимают;1
снимая;1
сними;1
Сними;1
сниму;1
снимут;1
Снискал;1
снисшедших;1
снюсь;1
сняв;1
сняли;1
снятся;1
снять;1
Собачусь;1
Соберешься;1
соберу;1
собираемся;1
собирается;1
Собирайте;1
собирал;1
собирала;1
Собирала;1
собирали;1
Собирать;1
собираю;1
Собирая;1
собираясь;1
Собравшись;1
собрал;1
собралась;1
собрались;1
Собралися;1
Собьемся;1
совершалось;1
совершают;1
совлекла;1
соврет;1
Совьет;1
совьют;1
согбенный;1
Согласилась;1
Согнись;1
согнулись;1
согнуться;1
Согреет;1
согрейся;1
Согрели;1
согрет;1
согретый;1
согреть;1
согрешить;1
содержим;1
содрогает;1
содрогается;1
содрогнулись;1
сожалея;1
Сожгла;1
сожгли;1
сожженной;1
сожжено;1
сожжет;1
сожмет;1
Создавши;1
создадим;1
создает;1
Создал;1
создана;1
созданная;1
созданьем;1
создать;1
созерцая;1
созидался;1
созидающий;1
Сознавать;1
сознал;1
сознаю;1
созрела;1
Сойдёт;1
Сойди;1
сойду;1
сойдут;1
сойдясь;1
сокрушает;1
сокрушаться;1
сокрывшие;1
Сокрылись;1
сокрылось;1
сокрыто;1
солжет;1
солнечен;1
солнценосный;1
соловьиная;1
сомкнем;1
сомкнувшейся;1
сомкнувшуюся;1
Сомкнулися;1
сомкнулся;1
сомкнут;1
сомкнутый;1
сомневавшийся;1
Сонный;1
сорвав;1
сорвался;1
сорванной;1
Сорвем;1
сорвет;1
Сорвут;1
соседили;1
сострунив;1
сосут;1
сотворили;1
сотрёте;1
сотру;1
Сохните;1
Сохнут;1
Сохрани;1
сохранил;1
сохраняет;1
Сочат;1
Сочетаться;1
сочилось;1
сошел;1
сошёл;1
сошлось;1
сошлюсь;1
сошью;1
Спадают;1
спадающая;1
Спадая;1
Спадет;1
спал;1
спала;1
спали;1
спалит;1
спался;1
Спасай;1
спасаться;1
Спасаться;1
спасают;1
спасен;1
спасенный;1
спасены;1
спасёшься;1
спасти;1
Спасутся;1
спаять;1
спеть;1
спеться;1
спеша;1
Спешащее;1
спешил;1
Спешу;1
спи;1
Спи;1
спилена;1
спирала;1
спите;1
спихнув;1
сплелись;1
сплетали;1
сплетать;1
Сплетать;1
Сплетают;1
сплетаются;1
сползла;1
спорим;1
спорю;1
Споткнулся;1
Спотыкается;1
Спотыкнулся;1
спохватятся;1
спою;1
споют;1
справляет;1
спрашиваешь;1
Спрашивать;1
Спринцуем;1
спросив;1
спросивши;1
спросила;1
Спросит;1
Спросить;1
спрыгнул;1
спрятал;1
Спряталась;1
спрятанный;1
спрятать;1
Спускаемся;1
Спускал;1
спускался;1
спускаюсь;1
спуская;1
спускаясь;1
Спускаясь;1
Спустивши;1
Спутал;1
спутанных;1
спящая;1
спящий;1
сравняться;1
сражалися;1
сраженный;1
Сразившихся;1
сразили;1
сразят;1
Сронили;1
срывается;1
Срывается;1
срывал;1
срывали;1
ссадиной;1
ссохшихся;1
став;1
ставит;1
Ставить;1
ставлю;1
ставший;1
Ставьте;1
ставят;1
Стало;1
Становилось;1
Стану;1
старался;1
стараясь;1
старуха-мать;1
Стать;1
Стаю;1
стегало;1
стегать;1
стекала;1
стекают;1
Стели;1
стелют;1
стелются;1
Стенающих;1
стерегли;1
Стерегут;1
стереть;1
стерся;1
стеснен;1
стесняться;1
стил;1
Стираем;1
стирают;1
Стирают;1
стискиваем;1
стиснув;1
стиснувши;1
стихали;1
стихнет;1
Стлали;1
Стой;1
Стонала;1
стонешь;1
стоптанных;1
сторожит;1
Сторонятся;1
стоют;1
Стоя;1
Стояла;1
Страдай;1
страдал;1
страдали;1
страдать;1
страдая;1
Странен;1
Страшись;1
Стрекочет;1
стрекочут;1
Стрельнул;1
стрелять;1
стремиться;1
стремяся;1
Стремяся;1
Стремятся;1
стремящийся;1
стричь;1
Строит;1
строить;1
струила;1
струилась;1
Струились;1
струятся;1
струящейся;1
Струящихся;1
Стряхает;1
стукните;1
Стукнув;1
ступает;1
ступая;1
ступят;1
стучал;1
стучался;1
стучитесь;1
Стучится;1
стыдится;1
Стынет;1
стянув;1
Стянувши;1
суждены;1
сулит;1
сумеет;1
сумеете;1
сумеешь;1
сумей;1
сумел;1
сумела;1
сумели;1
Супишь;1
сутулится;1
сутулиться;1
сутулятся;1
сучили;1
сушишь;1
суют;1
схватившись;1
схватит;1
Схватит;1
схватиться;1
схвачен;1
сходила;1
сходим;1
сходит;1
Схожу;1
Схоронил;1
схоронили;1
схоронить;1
счел;1
Считай;1
Считал;1
считала;1
считали;1
Считать;1
Считаю;1
считают;1
Сшибется;1
сшит;1
съев;1
съездить;1
съели;1
сыграю;1
сыпала;1
сыпались;1
сыщет;1
сыщется;1
Сыщется;1
сыщешь;1
сядем;1
сядет;1
сяду;1
сядут;1
тает;1
Таилась;1
таилися;1
Таился;1
таимой;1
Таись;1
таит;1
таить;1
тайно-весел;1
танцует;1
Танцует;1
танцуют;1
тарахти;1
Татуированный;1
тащи;1
тащили;1
Тащится;1
тащу;1
тающий;1
тающих;1
таясь;1
таятся;1
Таящийся;1
тверди;1
твердили;1
Твердит;1
Твердишь;1
творим;1
Творит;1
творящие;1
тек;1
текли;1
темнеет;1
Темнеет;1
темнела;1
темнеют;1
Теплилась;1
Теплит;1
теребит;1
тереться;1
Терзай;1
терзало;1
тернистых;1
терпеть;1
терпим;1
терплю;1
теряет;1
Теряет;1
теряться;1
теряют;1
теряя;1
Теряя;1
теснилась;1
течешь;1
тешет;1
тикаю;1
тихоглазая;1
тлеет;1
тлеть;1
толкал;1
Толкует;1
томил;1
томила;1
томимых;1
Томит;1
Томитесь;1
томишься;1
Томлюсь;1
Томясь;1
Томят;1
Тонешь;1
Тонуть;1
тонущий;1
Тончайшим;1
топил;1
топит;1
тополи;1
Топорщились;1
топорщится;1
топоча;1
топтались;1
торгует;1
торжествовать;1
торжествует;1
Торопитесь;1
Торопится;1
торчали;1
торчат;1
Торчат;1
торчит;1
тосковала;1
тосковало;1
тосковать;1
Тоскует;1
точа;1
точась;1
точат;1
тою;1
Требушите;1
требуют;1
тревожит;1
Трезвонит;1
трелили;1
трель;1
треножат;1
трепал;1
трепались;1
Трепетали;1
Трепещет;1
треплется;1
Трепли;1
трещали;1
Трещит;1
трогать;1
трогаю;1
тронет;1
тронном;1
трубил;1
трубят;1
Трубят;1
трусь;1
трясет;1
трясешь;1
Трясущимся;1
туманила;1
туманит;1
тумянятся;1
тыкался;1
тыча;1
Тявкает;1
тягостный;1
тяготеет;1
тяжелеют;1
Тяжелит;1
тянем;1
тянется;1
Тянется;1
тяну;1
тянулись;1
тянут;1
тянутся;1
Тянутся;1
Тянуть;1
тянуться;1
Убаюкивающая;1
убег;1
Убегает;1
Убегать;1
Убегают;1
убегающей;1
убегающий;1
убегающих;1
убегу;1
Убежал;1
убежишь;1
убиенные;1
убил;1
убит;1
Убит;1
Убита;1
убитого;1
убрана;1
убьет;1
Убьете;1
убьешь;1
убьют;1
Уважать;1
уважу;1
увела;1
увенчал;1
увенчала;1
увенчанный;1
уверен;1
уверенный;1
увести;1
увидев;1
увидевшему;1
увидели;1
Увидеть;1
увидимся;1
увидишь;1
увлажняли;1
увлекли;1
увлечен;1
Увлечен;1
увлечет;1
увядшие;1
Увязил;1
Увязла;1
увял;1
угарная;1
угас;1
угасает;1
Угасал;1
угасла;1
Угасло;1
угаснет;1
Угасшего;1
углядела;1
угостили;1
угрожаете;1
угрюмеют;1
удалили;1
удалился;1
удалиться;1
удаляется;1
удаляюсь;1
ударим;1
ударить;1
ударяет;1
Ударясь;1
удвоены;1
Удержи;1
удивленьем;1
Удивлялась;1
удил;1
удила;1
удлинившись;1
удрать;1
Ужели;1
узнаем;1
узнает;1
узнается;1
узнайте;1
узнала;1
Узнали;1
узревший;1
узрел;1
узрит;1
Узришь;1
Уйдем;1
Уйдешь;1
Уйди;1
уйдут;1
уймою;1
указал;1
Указал;1
указуешь;1
указывает;1
укатил;1
украден;1
украшало;1
укрепленного;1
укроет;1
укроюсь;1
укрывали;1
Укрывшись;1
укрыл;1
Укрылся;1
укрыться;1
укусить;1
укутана;1
укутаю;1
улетела;1
улетит;1
уличновстречного;1
уловил;1
Уловить;1
уложив;1
улучив;1
улыбается;1
Улыбается;1
улыбаешься;1
Улыбался;1
Улыбаться;1
улыбкою;1
Улыбнется;1
улыбнулась;1
Улыбнулся;1
улю-лю;1
умаляется;1
Умастил;1
умеет;1
Умеешь;1
Умер;1
Умерла;1
умерло;1
умертвил;1
умерших;1
Умеют;1
умея;1
умирай;1
умирал;1
умираю;1
Умиряется;1
умножались;1
умножая;1
умолк;1
Умолкали;1
умолкли;1
Умрет;1
умрут;1
умудренный;1
умчавшегося;1
Умчавшей;1
умчал;1
умчалося;1
умчался;1
Умчаться;1
унаследовавши;1
унесет;1
унесло;1
унизив;1
уносит;1
Уноситесь;1
Унося;1
уныл;1
Уныло;1
уныло-непонятное;1
упав;1
Упав;1
упавшее;1
упавшей;1
упадет;1
упадут;1
Упадут;1
упало;1
Упало;1
Упасть;1
упиваться;1
Упившись;1
упиться;1
уплывавший;1
уплывали;1
уплывет;1
уподобилось;1
уподобится;1
Упоен;1
Упокоит;1
упокоясь;1
управляю;1
упрекну;1
Упругих;1
упустив;1
уроди;1
Уродился;1
уронив;1
уронил;1
Уронило;1
Усадить;1
усевшись;1
уселась;1
Уселась;1
Ускользающий;1
усладить;1
уследить;1
услыхав;1
услыхать;1
Услышав;1
услышавши;1
Услышал;1
услышит;1
Услышишь;1
усмирят;1
уснешь;1
Усну;1
Усопших;1
успев;1
успел;1
успела;1
успокоимся;1
Успокойся;1
Уст;1
устав;1
Уставился;1
устала;1
устанет;1
устанешь;1
устать;1
устелется;1
устелят;1
Устрашая;1
устрашуся;1
устремляется;1
устроимте;1
устрою;1
уступает;1
Усыпили;1
усыплен;1
утаивала;1
утаить;1
утвердился;1
утешены;1
утешный;1
Утихнем;1
уткнув;1
уткнувши;1
уткнувшись;1
уткнуты;1
утолен;1
утоливши;1
утолить;1
утолю;1
утолять;1
Утомилось;1
утонешь;1
Утонувшее;1
утонуть;1
утопают;1
утопая;1
утопить;1
утоплен;1
утративши;1
утративший;1
утратил;1
утратили;1
утраченного;1
Утрачу;1
утренни;1
ухает;1
Ухвачу;1
ухнув;1
уходил;1
Уходил;1
Уходила;1
уходили;1
уходя;1
Уходят;1
уходящая;1
уходящего;1
ухожу;1
учащен;1
учи;1
Учил;1
учила;1
учили;1
учим;1
учиться;1
Ушел;1
Ушёл;1
ушиб;1
ушибся;1
Ушла;1
Фыркает;1
хвастает;1
Хватает;1
хватаетесь;1
Хватаясь;1
Хватит;1
хлеставших;1
хлестали;1
хлестать;1
хлещет;1
хлопает;1
хлопайте;1
хлопать;1
хлопаюсь;1
хлопочут;1
Хлопочут;1
хлынул;1
Хлынул;1
хлынула;1
хлынули;1
Хлюпали;1
хмуриться;1
хмурься;1
хмуря;1
ходила;1
ходили;1
ходите;1
ходишь;1
Холодеет;1
Холодеющий;1
холодеющих;1
холодея;1
холодит;1
хорала;1
хоронили;1
хоронить;1
хороню;1
хотели;1
хотелося;1
хотеться;1
хотите;1
Хотите;1
хотят;1
Хотят;1
хохотал;1
хохотали;1
хохотать;1
хохоча;1
хохочущий;1
Хочет;1
храни;1
Храни;1
хранимой;1
Хранит;1
Храню;1
хранят;1
храпи;1
хрипит;1
Хрипит;1
Хрипишь;1
хрипя;1
хрипят;1
хрустел;1
хрустит;1
хрустя;1
хрустящие;1
хряснул;1
царапал;1
царившие;1
царит;1
царствуешь;1
цветете;1
Цветя;1
цедит;1
цезурою;1
целил;1
целишь;1
целовалися;1
Целовало;1
целуешь;1
целуй;1
Целуйте;1
Целуйтесь;1
целуют;1
целуются;1
Целуясь;1
целят;1
цепенеешь;1
Цепенеют;1
Чарует;1
чванствовать;1
червивая;1
Чередуйтесь;1
черкни;1
чернели;1
чернеющие;1
Черпали;1
черпая;1
черствая;1
черствеет;1
чертишь;1
чертя;1
чертят;1
чешутся;1
Чириканьем;1
чирикать;1
чистит;1
чистою;1
читаешь;1
читала;1
Читала;1
читали;1
Читать;1
читаю;1
Читают;1
чтили;1
Чтит;1
чтя;1
чувствуешь;1
чувствуя;1
чудесен;1
чудился;1
чудятся;1
Чует;1
чуешь;1
Чужда;1
Чуют;1
чуял;1
чуяла;1
шагай;1
шагать;1
Шагают;1
шагая;1
шамкает;1
шарахается;1
Шарахал;1
шарахались;1
Шарахающихся;1
шатается;1
Шатается;1
шатают;1
шатаются;1
Шатнулась;1
швырну;1
швырнувши;1
Швыряет;1
Швырялись;1
швырять;1
швыряются;1
швыряя;1
шевелила;1
Шевельнулся;1
шевеля;1
шевелятся;1
шедший;1
шей;1
Шел;1
шелохнет;1
шепнула;1
шепнут;1
Шептал;1
шептала;1
Шептала;1
шептались;1
шептать;1
Шептать;1
шепчем;1
Шепчет;1
шепчется;1
шепчу;1
Шепчут;1
шепчутся;1
Шереметев;1
шествовал;1
шипели;1
Шипит;1
шипя;1
ширится;1
шлют;1
шляемся;1
шлялся;1
шляхтичем;1
шумели;1
Шумели;1
шумящем;1
шуршащий;1
Шуршит;1
шутили;1
щадим;1
щастлив;1
щебечет;1
щелкай;1
Щелкнет;1
щелкнул;1
щемящего;1
щемящей;1
Щиплют;1
щупая;1
щурил;1
юлиться;1
юркнет;1
явил;1
явилась;1
явился;1
являлась;1
являлись;1
являлся;1
явственен;1
Язвившая;1
